abuse,violence,6
abuse,savelives,3
abuse,childabuse,3
abuse,rape,12
abuse,animalcruelty,7
abuse,slavery,3
abuse,humantrafficking,2
abuse,achieved,1
abuse,studentnurse,1
abuse,abusedbyservices,1
abuse,women,4
abuse,children,9
abuse,sexuality,1
abuse,sex,1
abuse,clergy,1
abuse,melbourne,1
abuse,labour,1
abuse,thatcherite,1
abuse,cammay,1
abuse,stop,2
abuse,gendering,1
abuse,disability,2
abuse,discrimination,1
abuse,blog,5
abuse,blogging,5
abuse,blogger,5
abuse,parenting,6
abuse,kids,8
abuse,dumb,5
abuse,parents,5
abuse,cptsd,3
abuse,narcissist,2
abuse,triggered,1
abuse,enough,1
abuse,alcoholism,1
abuse,addiction,1
abuse,alcoholichusband,1
abuse,trauma,6
abuse,widow,1
abuse,singlemom,1
abuse,takecharge,1
abuse,bohothogai,1
abuse,onpoli,1
abuse,cas,1
abuse,pawns,1
abuse,trumps,1
abuse,gun,1
abuse,presciption,1
abuse,drugs,1
abuse,uncrop,1
abuse,neglect,4
abuse,oewg8,1
abuse,prof,1
abuse,california,1
abuse,student,2
abuse,csa,2
abuse,speaktruth,1
abuse,beaten,1
abuse,yelled,1
abuse,right,1
abuse,nightmares,1
abuse,girls,1
abuse,sexual,3
abuse,newark,1
abuse,grooming,1
abuse,therealvictims,1
abuse,ignorant,1
abuse,public,1
abuse,educated,1
abuse,facts,1
abuse,moneymen,1
abuse,corruption,2
abuse,evil,1
abuse,resist,1
abuse,trump,3
abuse,pwd,3
abuse,eviction,3
abuse,tenants,3
abuse,illegal,3
abuse,coerciveconrtrol,1
abuse,animal,4
abuse,georgia,3
abuse,safety,2
abuse,arapaio,1
abuse,molestation,3
abuse,abortion,1
abuse,manipulation,1
abuse,scientology,4
abuse,judge,2
abuse,abuser,2
abuse,catholic,1
abuse,youtube,1
abuse,faze,1
abuse,jakepaul,1
abuse,drama,1
abuse,whichside,1
abuse,team10,1
abuse,ricegum,1
abuse,femaleartists,1
abuse,rant,1
abuse,fury,1
abuse,closeencountersofthethirdkind,1
abuse,divorce,1
abuse,wow,1
abuse,doctors,1
abuse,paedos,1
abuse,celtic,1
abuse,psg,1
abuse,ucl,1
abuse,uefacl,1
abuse,neymar,1
abuse,hepc,1
abuse,welding,1
abuse,crochet,1
abuse,bluehelix,1
abuse,marriage,1
abuse,relationships,3
abuse,abc2020,1
abuse,jury,1
abuse,fail,1
abuse,appeal,1
abuse,legal,1
abuse,travesty,1
abuse,justice,1
abuse,junkie,1
abuse,criminal,1
abuse,murder,3
abuse,kevinpark,1
abuse,pledge,1
abuse,2save,1
abuse,peewee,1
abuse,helpanimals2,1
abuse,ha2,1
abuse,elites,1
abuse,extreme,1
abuse,governors,1
abuse,native,1
abuse,article,2
abuse,social,1
abuse,muhammad,1
abuse,taqiyya,1
abuse,suicide,3
abuse,mentalillness,1
abuse,fur,1
abuse,law,1
abuse,hurricanes,1
abuse,floods,1
abuse,fires,1
abuse,earthquakes,1
abuse,mentalhealth,3
abuse,economiccrisis,1
abuse,homeless,1
abuse,safeguarding,1
abuse,synod,1
abuse,protect,1
abuse,autistic,2
abuse,mental,1
abuse,unitedstates,1
abuse,actuallyautistic,3
abuse,breakups,2
abuse,teenagers,1
abuse,moms,1
abuse,dads,1
abuse,men,2
abuse,dangerous,1
abuse,district,1
abuse,humanrights,2
abuse,getlow,1
abuse,truestory,1
abuse,journalismisnotacrime,1
abuse,walking,1
abuse,boundaries,1
abuse,teens,1
abuse,addictions,2
abuse,ideasthatimpact,1
abuse,nsifturns10,1
abuse,narcotics,1
abuse,prevention,2
abuse,zoomed,1
abuse,dexter,1
abuse,animalshaverights,1
abuse,seaworldkills,1
abuse,sextrafficking,2
abuse,trafficking,1
abuse,nikisms,1
abuse,publicmind,1
abuse,adopt,1
abuse,fund,1
abuse,mills,1
abuse,touch,1
abuse,coverup,1
abuse,sickbastard,1
abuse,deceit,1
abuse,badparenting,1
abuse,emotionalabuse,1
abuse,domesticviolence,6
abuse,help,2
abuse,ireland,1
abuse,shame,1
abuse,cocaine,1
abuse,cruelty,6
abuse,endgreyhoundracing,1
abuse,miajmss,1
abuse,jmsshpa12,1
abuse,cyberhate,1
abuse,bigotry,1
abuse,storyology,1
abuse,canberra,1
abuse,minimization,1
abuse,criselda,1
abuse,mduduzimanana,2
abuse,brookhouse,1
abuse,yarlswood,1
abuse,panorama,1
abuse,zombie,1
abuse,gayconversiontherapy,1
abuse,abusive,1
abuse,therapy,1
abuse,empathy,2
abuse,abused,1
abuse,narcissism,1
abuse,spouses,1
abuse,bosses,1
abuse,employee,1
abuse,friends,1
abuse,family,1
abuse,vatican,1
abuse,thedrum,1
abuse,celibacy,1
abuse,priests,1
abuse,tax,2
abuse,newzealand,1
abuse,houses,1
abuse,national,1
abuse,statehouses,1
abuse,disorder,1
abuse,posttraumaticstress,1
abuse,normal,1
abuse,abnormal,1
abuse,religions,1
abuse,healthcare,2
abuse,fashion,1
abuse,drug,1
abuse,power,1
abuse,invasion,1
abuse,privacy,1
abuse,powergame,1
abuse,society,1
abuse,governments,1
abuse,remedy,1
abuse,root,1
abuse,causes,1
abuse,hardships,1
abuse,father,1
abuse,reporting,1
abuse,gradschool,1
abuse,mywana,1
abuse,smiles,1
abuse,illness,1
abuse,hopelessness,1
abuse,anger,1
abuse,hate,1
abuse,faithjoyhope,1
abuse,love,1
abuse,staff,1
abuse,rampant,1
abuse,animalabusers,1
abuse,destroy,1
abuse,records,1
abuse,cowardly,1
abuse,guilty,1
abuse,bitch,1
abuse,guilt,1
abuse,autism,1
abuse,ojsimpsonparole,1
abuse,use,1
abuse,throw,1
abuse,womenabuse,1
abuse,atlantatherapy,1
abuse,atlanta,1
abuse,poetry,1
abuse,brainwashed,1
abuse,understand,1
abuse,islamicactivity,1
abuse,beingislamic,1
abuse,imagine,1
abuse,diseases,1
abuse,disparage,1
abuse,president,1
abuse,sarahah,1
abuse,random,1
abuse,comment,1
abuse,asshole,1
abuse,inconceivable,1
abuse,demon,1
abuse,caleb,1
abuse,abusivefamily,1
abuse,schemes,1
abuse,conflict,2
abuse,viciousness,1
abuse,womensday,1
abuse,womensday2017,1
abuse,90dayfiance,1
abuse,omg,1
abuse,jorge,1
abuse,anfisa,1
abuse,k1visa,1
abuse,financialabuse,1
abuse,harassment,1
abuse,domesticabuse,1
abuse,cys,1
abuse,ideology,1
abuse,pray,1
abuse,boys,1
abuse,jamaica,1
abuse,jesus,1
abuse,rules,1
abuse,intimidation,1
abuse,bully,2
abuse,functions,1
abuse,creates,1
abuse,controls,1
abuse,shrinerscircus,4
abuse,boycottthecircus,4
abuse,wildlife,4
abuse,wildanimals,4
abuse,bears,4
abuse,shriners,4
abuse,keeptalkingmh,1
abuse,nlp,1
abuse,hypnotherapy,1
abuse,ptsd,4
abuse,lies,1
abuse,brainwashing,1
abuse,scientologytheaftermath,1
abuse,leahremini,1
abuse,smyllum,1
abuse,truehappinessis,1
abuse,stopthestigma,1
abuse,jail,2
abuse,hospital,1
abuse,looney,1
abuse,mtvbasebts,1
abuse,americanflag,1
abuse,stocks,1
abuse,futures,1
abuse,sob,1
abuse,fraud,5
abuse,waste,2
abuse,impactwrestling,1
abuse,writing,1
abuse,statueoflimitation,1
abuse,lawandordersvu,1
abuse,healing,2
abuse,sexualabuse,1
abuse,inspiring,1
abuse,guide,1
abuse,nonfiction,1
abuse,renfrewshirecouncil,1
abuse,european,1
abuse,inquisition,1
abuse,antisemitism,1
abuse,misogyny,1
abuse,peace,1
abuse,domesticviolencesurvivor,1
abuse,betrayaltrauma,1
abuse,pornkillslove,1
abuse,pornaddiction,1
abuse,empowerment,1
abuse,mindfulness,1
abuse,rgb,1
abuse,religion,1
abuse,prayer,1
abuse,allowed,1
abuse,decide,1
abuse,child,3
abuse,health,1
abuse,faith,1
abuse,placebo,1
abuse,hr,1
abuse,idiot,1
abuse,roids,1
abuse,steroids,1
abuse,poem,1
abuse,words,1
abuse,dv,1
abuse,whyimstillsinglein4words,1
abuse,nomore,1
abuse,vaw,1
abuse,athlete,1
abuse,syndrome,1
abuse,haiku,1
abuse,narcissisticabuse,2
abuse,gaslighting,1
abuse,believeinyourself,1
abuse,harassement,1
abuse,education,1
abuse,sociopathic,1
abuse,currency,1
abuse,medical,1
abuse,physical,2
abuse,isolates,2
abuse,warriors,2
abuse,character,1
abuse,suddendeath,1
abuse,depression,1
abuse,kindleebook,1
abuse,spiritualwarfare,1
abuse,series,1
abuse,business,2
abuse,charity,1
abuse,narsissist,1
abuse,mother,2
abuse,listen,1
abuse,support,1
abuse,prolife,1
abuse,enca,1
abuse,madness,1
abuse,insanity,1
abuse,reformwelfare,1
abuse,fiftyshadesisabuse,1
abuse,unacceptable,1
abuse,bad,1
abuse,abbott,1
abuse,hatred,1
abuse,acetraining,1
abuse,cyp,1
abuse,wellbeing,1
abuse,adversechildhoodexperience,1
abuse,atypical,1
abuse,actuallyatypical,1
abuse,time,1
abuse,manipulate,1
abuse,control,2
abuse,powerful,1
abuse,exploitation,1
abuse,profitbringsevil,1
abuse,falseprophets,1
abuse,unethical,1
abuse,fake,1
abuse,speakingout,1
abuse,mommyofive,1
abuse,tw,1
abuse,numb,1
abuse,sad,1
abuse,forminbrorsskyld,1
abuse,suedishmovie,1
abuse,brothers,1
abuse,thekeepers,1
abuse,lawyerneeded,1
abuse,attoneyneeded,1
abuse,frauster,1
abuse,lawyer,1
abuse,scam,1
abuse,genesismining,1
abuse,wtf,1
abuse,license,1
abuse,projection,1
abuse,victim,1
abuse,courage,1
abuse,football,1
abuse,nfl,1
abuse,concussions,1
abuse,arrests,1
abuse,geoengineering,1
abuse,idaho,1
abuse,usa,1
abuse,daily,1
abuse,govt,1
abuse,domestic,2
abuse,terrorism,1
abuse,traitors,1
abuse,substance,1
abuse,adolescenthealth,1
abuse,aap17,1
abuse,walkquietrunquick,1
abuse,imprisoned,1
abuse,takeaction,1
abuse,childpornography,1
abuse,symptoms,1
abuse,torture,1
abuse,ridicule,1
abuse,cirrhosis,1
abuse,oxygen,1
abuse,govuk,1
abuse,justiceb4death,1
abuse,christian,1
abuse,deadcopssociety,1
abuse,motherfuckers,1
abuse,exist,1
abuse,promote,1
abuse,citizen,1
abuse,pre,1
abuse,color,1
abuse,judgment,2
abuse,court,1
abuse,everyone,1
abuse,kiss,1
abuse,myassnow,1
abuse,bsho2succckanugly,1
abuse,eggplant,1
abuse,bxtch,1
abuse,politicians,1
abuse,respected,1
abuse,itsnotright,1
abuse,familycourts,1
abuse,familylaw,1
abuse,titleivsectiond,1
abuse,socialsecurity,1
abuse,theft,1
abuse,memorytweet,1
abuse,gandhi,1
abuse,ambedkar,1
abuse,caste,1
abuse,partition,1
abuse,critic,1
abuse,greatsoul,1
abuse,feminism,1
abuse,consent,1
abuse,antibullying,1
abuse,beautyandthebeastosf,1
abuse,feesmustfall,1
abuse,statecapture,1
abuse,warondrugs,1
abuse,frustration,1
abuse,defeat,1
abuse,say,1
abuse,no,1
abuse,to,1
violence,savelives,2
violence,childabuse,2
violence,rape,7
violence,animalcruelty,2
violence,slavery,2
violence,humantrafficking,2
violence,women,2
violence,children,2
violence,whywomenstay,1
violence,whymenabuse,1
violence,rapeculture,1
violence,vaw,1
violence,sex,1
violence,gardening,1
violence,quotes,1
violence,feminism,1
violence,islam,1
violence,kidnapping,1
violence,relationships,1
violence,breakups,1
violence,teenagers,1
violence,kids,1
violence,parenting,1
violence,moms,1
violence,dads,1
violence,men,1
violence,dangerous,1
violence,peru,1
violence,sexualharrasment,1
violence,abusivefamily,1
violence,schemes,1
violence,conflict,1
violence,viciousness,1
violence,racism,1
violence,genocide,1
violence,hate,1
violence,murder,1
violence,disease,1
violence,war,1
violence,anger,1
violence,molestation,1
violence,poverty,1
violence,sick,1
violence,love,1
violence,letlovein,1
violence,crimestats,1
violence,sa,1
violence,ransom,1
violence,domestic,1
violence,sexual,1
savelives,childabuse,3
savelives,rape,3
savelives,animalcruelty,2
savelives,slavery,2
savelives,humantrafficking,2
savelives,takeaction,1
savelives,children,1
savelives,sextrafficking,1
savelives,childpornography,1
childabuse,rape,6
childabuse,animalcruelty,2
childabuse,slavery,2
childabuse,humantrafficking,2
childabuse,harassment,1
childabuse,incest,1
childabuse,sexualassault,1
childabuse,ryanschoolmurder,1
childabuse,rapeculture,1
childabuse,takeaction,1
childabuse,children,1
childabuse,sextrafficking,1
childabuse,childpornography,1
rape,animalcruelty,2
rape,slavery,2
rape,humantrafficking,4
rape,sweden,3
rape,muslim,3
rape,refugees,1
rape,openborder,1
rape,ramrahimcase,1
rape,asaram,1
rape,bapu,1
rape,privileged,1
rape,msm,1
rape,liberalfascists,1
rape,rohingya,1
rape,genocide,2
rape,kafur,1
rape,developed,1
rape,developing,1
rape,postconflict,1
rape,postcolonial,1
rape,end,1
rape,gbv,1
rape,contextmatters,1
rape,africa,1
rape,middleeast,1
rape,usa,1
rape,pilage,1
rape,steal,1
rape,democracy,1
rape,csa,2
rape,bjp,5
rape,killings,2
rape,murder,7
rape,riots,1
rape,nodevelopment,1
rape,nogovernance,1
rape,noprosperity,1
rape,divide,1
rape,rule,1
rape,mahmoodfarooqui,1
rape,molestration,3
rape,enough,1
rape,ramrahim,7
rape,hc,1
rape,culture,1
rape,pakistan,2
rape,rate,1
rape,eu,1
rape,kabila,1
rape,rdc,1
rape,yazidi,1
rape,sex,2
rape,slave,1
rape,isis,1
rape,islamist,1
rape,terrorists,1
rape,be,1
rape,women,4
rape,girls,2
rape,sexual,7
rape,corruption,1
rape,grooming,1
rape,therealvictims,1
rape,ramrahimverdict,6
rape,sad,1
rape,gurmeetramrahim,1
rape,victims,10
rape,caging,9
rape,gardening,1
rape,quotes,1
rape,feminism,1
rape,rapeophobia,2
rape,survivors,14
rape,lifesentence,1
rape,ruinslives,1
rape,ptsd,3
rape,survivor,3
rape,proud,1
rape,mentalhealth,1
rape,trauma,1
rape,molestation,3
rape,abortion,3
rape,manipulation,1
rape,scientology,1
rape,18prisoners,1
rape,hijack,1
rape,incest,1
rape,uberlondon,1
rape,topoli,1
rape,betsydevos,1
rape,jordan,2
rape,lebanon,2
rape,marriagelaw,1
rape,southafrica,1
rape,boer,1
rape,torture,2
rape,india,10
rape,laws,2
rape,498a,5
rape,scrap498a,1
rape,legal,1
rape,terrorism,2
rape,mens,1
rape,marriage,1
rape,stress,1
rape,false,1
rape,dancember,1
rape,seattlemayor,1
rape,seattle,1
rape,nazi,1
rape,trudeau,1
rape,sexting,1
rape,whitesupremacist,1
rape,domesticabuse,1
rape,ohio,1
rape,disgrace,1
rape,paedophilia,1
rape,nhs,9
rape,health,1
rape,maritalrape,3
rape,law,3
rape,fear,1
rape,bless,1
rape,fms,1
rape,dying,1
rape,truthalwayswins,1
rape,boycott,1
rape,crazy,1
rape,ridiculous,1
rape,robbery,2
rape,islam,3
rape,kidnapping,1
rape,bananarepublic,1
rape,bible,1
rape,fakecases,4
rape,stalking,3
rape,development,3
rape,justiceforourdaughters,3
rape,ubered,1
rape,never,1
rape,tolerated,1
rape,pedophilia,1
rape,left,1
rape,normalize,1
rape,pedophile,1
rape,refugee,1
rape,refugeeswelcome,1
rape,germany,2
rape,nirbhaya,1
rape,elsalvador,1
rape,burn,1
rape,incredibleindia,2
rape,rapistbaba,2
rape,dera,1
rape,jemmabeale,2
rape,rapists,2
rape,police,3
rape,cjs,2
rape,chandigarhstalking,1
rape,ghooskhori,1
rape,rodliddle,1
rape,christmas,1
rape,russiagate,1
rape,trumpcare,1
rape,billybush,1
rape,policestate,1
rape,bothsides,1
rape,insanetrump,1
rape,west,1
rape,pastor,1
rape,sextrafficking,2
rape,trafficking,1
rape,nikisms,1
rape,liars,1
rape,tunisia,1
rape,children,2
rape,peru,1
rape,sexualharrasment,1
rape,dv,2
rape,gst,2
rape,haryana,3
rape,punjab,3
rape,staysafe,1
rape,bealert,1
rape,ramrahimguilty,1
rape,bhakts,1
rape,queensland,1
rape,uber,5
rape,endvaw,1
rape,bollywood,1
rape,karimmorani,1
rape,hyderabad,1
rape,mumbai,1
rape,womenunsafe,1
rape,shame,1
rape,minimization,1
rape,breaking,1
rape,illegalaliens,1
rape,arpaio,1
rape,trump,2
rape,baba,1
rape,ramrahimsingh,4
rape,rapist,4
rape,bangladesh,3
rape,no,2
rape,supporting,2
rape,ramrahimvslaw,2
rape,radfem,1
rape,disbelief,1
rape,kill,3
rape,silence,1
rape,speakup,2
rape,shatterthesilence,1
rape,south,7
rape,sexualassault,7
rape,sexualviolence,1
rape,godmen,1
rape,statuteoflimitations,1
rape,hemraja,1
rape,girl,1
rape,new,1
rape,nfl,1
rape,woman,1
rape,gudiya,1
rape,justiceforgudiya,1
rape,shopian,1
rape,kashmir,2
rape,mallumen,1
rape,kerala,1
rape,ramaleela,1
rape,dileep,1
rape,progressive,1
rape,noproblem,1
rape,migrants,1
rape,muslims,1
rape,social_inclusion,2
rape,brighton,2
rape,sussex,2
rape,jk,1
rape,protip,1
rape,fsutwitter,1
rape,gurmeetramrahimsingh,1
rape,zplus,1
rape,cheating,1
rape,livewithpride,1
rape,behonest,1
rape,men,1
rape,rapistramrahim,1
rape,ramrahimsentencing,1
rape,no2maritalrapebill,1
rape,humanrightsviolations,1
rape,southerncameroo,1
rape,unga72,1
rape,donaldtrump,1
rape,listening,1
rape,ignoring,1
rape,fraud,3
rape,bankruptcies,1
rape,babas,1
rape,fatass,1
rape,russia,1
rape,conman,1
rape,mob,1
rape,criminal,1
rape,sexassault,1
rape,liberia,1
rape,transcult,1
rape,maleviolence,1
rape,bias,2
rape,bbc,6
rape,educate,2
rape,inform,2
rape,moneylaundering,2
rape,college,1
rape,campus,1
rape,devos,1
rape,regulation,1
rape,investigate,1
rape,zelostreet,1
rape,antifa,2
rape,whiteprivilege,2
rape,آتنا_صالحي,1
rape,cheats,1
rape,misguide,1
rape,cheat,1
rape,derasachasauda,1
rape,cbi,1
rape,court,1
rape,ruffies,1
rape,bamavsvandy,1
rape,ganapatibappa,1
rape,godgurmeet,1
rape,supremecourt,3
rape,un,3
rape,hrw,2
rape,religion,2
rape,rights,2
rape,worship,2
rape,faith,2
rape,loot,2
rape,cruel,1
rape,emotional,1
rape,coronationstreet,1
rape,breitbart,1
rape,battery,3
rape,gameofthrones,1
rape,horseviolence,1
rape,confessyourunpopularopinion,1
rape,dowry,1
rape,credibility,1
rape,reservation,1
rape,statueoflimitation,1
rape,lawandordersvu,1
rape,cardiffkoranteacher,1
rape,childsexabuse,1
rape,cnn,1
rape,talaq,3
rape,dp,1
rape,domesticviolence,4
rape,racism,2
rape,homophobia,1
rape,putin,1
rape,government,1
rape,pillage,1
rape,plunder,1
rape,fdjt,1
rape,racist,1
rape,southasia,1
rape,bogra,1
rape,protest,2
rape,sramik,1
rape,crimealert,1
rape,crimeagainstwomen,1
rape,mitkat,1
rape,10years,1
rape,falsifying,1
rape,charges,1
rape,rotinjail,1
rape,hate,1
rape,disease,1
rape,war,1
rape,anger,1
rape,poverty,2
rape,sick,1
rape,love,1
rape,letlovein,1
rape,speakloud,1
rape,malerapehappens,1
rape,gameofthones7,1
rape,case,1
rape,crimestats,1
rape,sa,1
rape,ransom,1
rape,fridayfeeling,1
rape,opinionpoll,1
rape,opinion,1
rape,indianlaw,1
rape,humanity,1
rape,chandigarh,2
rape,crime,1
rape,nirbhya,1
rape,forensic,1
rape,evidence,1
rape,rajanpur,1
rape,pak,1
rape,palestine,1
rape,theft,1
rape,israel,1
rape,backwater,1
rape,suicide,1
rape,weaponstheft,1
rape,levy,1
rape,humanrights,2
rape,british,1
rape,safely,1
rape,birmingham,1
rape,modi,1
rape,nationalassemblyspeaker,1
rape,electionrigging,1
rape,ferda,1
rape,fun,1
rape,consent,2
rape,repeat,1
rape,bpd,1
rape,homelessness,1
rape,abusedbyservices,1
rape,cte,1
rape,workplacedanger,1
rape,childhoodsexualabuse,1
rape,titleix,1
rape,medical,1
rape,defendant,1
rape,rohtak,1
rape,birth,1
rape,pray,1
rape,needamiracle,1
rape,pray4rohtakgirl,1
rape,greece,1
rape,crashes,1
rape,nodbs,1
rape,nohealthandsafety,1
rape,timetoleave,1
rape,breakfastclubboycott,1
rape,supremecourtofindia,1
rape,twitter,1
rape,smh,1
rape,scisxposed,1
rape,mhchat,1
rape,selectivelyenforceslaw,1
rape,treason,1
rape,obstructngjustice,1
rape,encitingariot,1
rape,relationship,1
rape,raghaveshwarabharti,1
rape,rampaljimaharaj,1
rape,asharambapu,1
rape,gov,1
rape,themoreyouknow,1
rape,guptaemails,1
rape,damagedgoods,1
rape,hospital,1
rape,antiwomen,1
rape,palimony,1
rape,comcast,1
rape,xfinityseries,1
rape,justinedamond,1
rape,eyewitness,1
rape,council,1
rape,family,1
rape,parents,1
rape,panchayat,1
rape,multan,1
rape,jury,1
rape,testimony,1
rape,trial,1
rape,slawmayhem,1
rape,deliberation,1
rape,verdict,1
rape,criminalpropensity2commitrape,1
rape,themist,1
rape,interesting,1
rape,fgm,1
rape,auspol,1
rape,gang,1
rape,indianarmy,1
rape,kunan,1
rape,takeaction,1
rape,childpornography,1
rape,raped,1
rape,distract,1
rape,brexit,1
rape,browder,1
rape,magnitskyact,1
rape,trumprussia,1
rape,mueller,1
rape,investigation,1
rape,contempt,1
rape,teacher,1
rape,customers,1
rape,sexbot,1
rape,university,1
rape,femininazi,1
rape,feminists,1
rape,omg,1
rape,news,1
rape,tl,1
rape,pangani,1
rape,taxpayer,1
rape,realbeauty,1
animalcruelty,slavery,2
animalcruelty,humantrafficking,2
animalcruelty,animalabusers,1
animalcruelty,children,1
animalcruelty,shrinerscircus,2
animalcruelty,boycottthecircus,2
animalcruelty,wildlife,2
animalcruelty,wildanimals,2
animalcruelty,bears,2
animalcruelty,shriners,2
animalcruelty,cruelty,2
slavery,humantrafficking,2
slavery,exploitation,1
humantrafficking,sexualabuse,2
humantrafficking,rapeculture,1
humantrafficking,humanity,1
humantrafficking,murder,1
humantrafficking,torture,1
humantrafficking,moneylaundering,2
humantrafficking,targetedindividuals,1
humantrafficking,tis,1
humantrafficking,dews,1
humantrafficking,distract,1
humantrafficking,brexit,1
humantrafficking,browder,1
humantrafficking,magnitskyact,1
humantrafficking,trumprussia,1
humantrafficking,mueller,1
humantrafficking,investigation,1
achieved,studentnurse,1
achieved,abusedbyservices,1
studentnurse,abusedbyservices,1
abusedbyservices,bpd,1
abusedbyservices,homelessness,1
abusedbyservices,poverty,1
women,children,1
women,girls,1
women,sexual,1
women,slutshame,2
women,men,2
women,legends,1
women,relationships,1
women,breakups,1
women,teenagers,1
women,kids,1
women,parenting,1
women,moms,1
women,dads,1
women,dangerous,1
women,antifa,2
women,whiteprivilege,2
women,robandchyna,1
women,robkardashian,1
women,crime,1
women,harassment,2
women,black,1
women,politics,1
women,uk,1
women,feesmustfall,1
women,statecapture,1
women,warondrugs,1
women,ny,1
women,w2wontheroad,1
children,summerholiday,1
children,surrey,1
children,daysout,1
children,thingstodo,1
children,fun,1
children,metoo,1
children,blog,5
children,blogging,5
children,blogger,5
children,parenting,5
children,kids,5
children,dumb,5
children,parents,5
children,scientologytheaftermath,1
children,sexualabuse,4
children,peru,1
children,sexualharrasment,1
children,animalabusers,1
children,smyllum,1
children,ptsd,1
children,hideous,1
children,prosecute,1
children,maximum,1
children,privilege,1
children,justice,1
children,takeaction,1
children,sextrafficking,1
children,childpornography,1
slutshame,fuckers,1
slutshame,men,1
slutshame,legends,1
slutshame,robandchyna,1
slutshame,robkardashian,1
summerholiday,surrey,1
summerholiday,daysout,1
summerholiday,thingstodo,1
summerholiday,fun,1
summerholiday,metoo,1
surrey,daysout,1
surrey,thingstodo,1
surrey,fun,1
surrey,metoo,1
daysout,thingstodo,1
daysout,fun,1
daysout,metoo,1
thingstodo,fun,1
thingstodo,metoo,1
fun,metoo,1
fun,ferda,1
metoo,kcafavmusicvideo,61
metoo,12thjuly,1
metoo,cancerian,1
metoo,roughingit,1
metoo,notv,1
metoo,noair,1
metoo,nowifi,1
metoo,vacation2017,1
metoo,outwest,1
metoo,lvcourts,1
metoo,impeachtrump,1
metoo,i,1
metoo,sheisfine,1
metoo,lwymmd,1
metoo,thecosbyshow,1
metoo,robert,1
metoo,vanessagotad,1
metoo,guilty,1
metoo,cm201,1
metoo,actuallyautistic,1
metoo,whatup,1
metoo,famouslysingle,1
metoo,lookwhatyoumademedo,2
metoo,theoldtaylorisdead,1
metoo,todaysmasses,1
metoo,morelater,1
metoo,petrolprice,1
metoo,juchapel,1
metoo,judsonawesome,1
metoo,fam,1
metoo,criticalrole,1
metoo,days,1
metoo,lovethewayuare,1
metoo,sobbing,1
metoo,thistook6attempts,1
metoo,mixon,1
metoo,ad,1
metoo,metoogirl,1
metoo,thursdaynightfootball,1
metoo,racecard,1
metoo,happytummy,1
metoo,tiredkids,1
metoo,coolnotcool,1
metoo,jeongkwan,1
metoo,chefstable,1
metoo,blogunderconstruction,1
metoo,youtoo,1
metoo,wegotthis,1
metoo,pityforrg,1
metoo,ifiwasyouidwannabemetoo,1
metoo,sevenminuteabs,1
metoo,copycat,1
metoo,unoriginal,1
metoo,rubbermeetstheroad,1
metoo,washedup,2
metoo,lonelycow,1
sexuality,sex,1
sexuality,clergy,1
sex,clergy,1
sex,yazidi,1
sex,slave,1
sex,isis,1
sex,islamist,1
sex,terrorists,1
sex,be,1
sex,gardening,1
sex,quotes,1
sex,feminism,1
sweden,muslim,1
sweden,refugees,1
sweden,openborder,1
sweden,west,1
sweden,rapists,1
sweden,progressive,1
sweden,noproblem,1
sweden,migrants,1
sweden,islam,1
sweden,muslims,1
muslim,refugees,1
muslim,openborder,1
muslim,refugee,1
muslim,refugeeswelcome,1
muslim,germany,1
muslim,fgm,1
muslim,auspol,1
refugees,openborder,1
ramrahimcase,asaram,1
ramrahimcase,bapu,1
asaram,bapu,1
labour,thatcherite,1
labour,cammay,1
thatcherite,cammay,1
royalmail,cycling,1
royalmail,victimblaming,1
cycling,victimblaming,1
victimblaming,trump,1
victimblaming,raped,1
victimblaming,titleix,1
victimblaming,stopbetsy,1
victimblaming,phd,1
victimblaming,bicyclecommuters,1
victimblaming,utilityriders,1
victimblaming,fuckthebinary,1
victimblaming,doublestandards,1
victimblaming,thehuntingground,1
victimblaming,rapeculture,1
victimblaming,endvawg,1
victimblaming,perpetrator,1
victimblaming,survivor,1
victimblaming,victim,1
victimblaming,harassment,1
victimblaming,slutshaming,1
victimblaming,sexviolence,1
victimblaming,terror,1
victimblaming,siestakey,1
victimblaming,dropthedisorder,1
victimblaming,likeagirl,1
cyberbullying,harassment,2
cyberbullying,suspend,1
harassment,ntc,1
harassment,help,2
harassment,auspol,1
harassment,bluewhalechallenge,1
harassment,depression,1
harassment,losingfamily,1
harassment,notharassment,1
harassment,samething,1
harassment,safety,1
harassment,yesallwomen,1
harassment,doublestandards,1
harassment,tcot,1
harassment,tsot,1
harassment,teabag,1
harassment,hs2,1
harassment,bully,1
harassment,notifications,1
harassment,workplace,4
harassment,sexual,6
harassment,lgbt,3
harassment,stalking,5
harassment,coercivecontrol,1
harassment,authorised,1
harassment,snappingbackintoplace,1
harassment,subordinates,1
harassment,workplacebullying,1
harassment,toxicworkplace,1
harassment,keepemwopen,1
harassment,free,2
harassment,usa,2
harassment,newyorkhospital,1
harassment,shooting,1
harassment,cops,1
harassment,accuse,1
harassment,crazy,1
harassment,landlord,1
harassment,evict,1
harassment,mobbing,1
harassment,policecorruption,1
harassment,paidcivilians,1
harassment,blacklisted,1
harassment,fanart,1
harassment,patriarchy,1
harassment,hull,1
harassment,hull2017,1
harassment,hatecrime,1
harassment,inclusiveworkplace,2
harassment,discrimination,2
harassment,gas,1
harassment,unjustified,1
harassment,omcs,1
harassment,creepy,1
harassment,relaxation,1
harassment,technique,1
harassment,suspend,1
harassment,celebrities,2
harassment,politicians,2
harassment,clinton,2
harassment,cosby,2
harassment,trump,2
harassment,education,1
harassment,miriam,1
harassment,domterror,1
harassment,oregonstandoff,1
harassment,bundycult,1
harassment,grift,1
harassment,communitybased,1
harassment,gabgstalking,1
harassment,ad,1
harassment,domesticabuse,1
harassment,cys,1
harassment,tell,1
harassment,truth,1
harassment,like,1
harassment,now,1
harassment,go,1
harassment,home,1
harassment,slutshaming,1
harassment,sexviolence,1
harassment,gender,1
harassment,startup,1
harassment,slander,1
harassment,levarball,1
harassment,allowed,1
harassment,games,1
harassment,leagues,1
harassment,ego,1
harassment,intimidation,2
harassment,officials,1
harassment,police,1
harassment,ahmedabad,1
harassment,loud,1
harassment,music,1
harassment,trumpisaracist,1
harassment,trumpisawhitesupremacist,1
harassment,takeakneenfl,1
harassment,ayeshagulalai,1
harassment,pakistan,1
harassment,notice,1
harassment,bb19,1
harassment,stoppromotingbullying,1
harassment,india,1
harassment,pta,1
harassment,algore,1
harassment,freespeech,1
harassment,womenentrepreneurs,1
harassment,siliconvalley,1
harassment,crime,1
harassment,black,1
harassment,politics,1
harassment,uk,1
harassment,rapist,1
harassment,vodafoneindia,1
harassment,poorservice,1
harassment,blackmailing,1
harassment,threatening,1
harassment,vodafone,1
harassment,zero,1
harassment,shameonyou,1
harassment,cyber,1
harassment,stalkers,1
harassment,federal,1
harassment,classaction,1
harassment,lawsuit,1
harassment,livescifi,1
harassment,umpshow,1
harassment,doyourjob,1
harassment,employment,1
harassment,law,1
harassment,respectwomen,1
harassment,charlottesville,1
harassment,northkorea,1
harassment,nato,1
harassment,jio,1
harassment,badjio,1
harassment,cheating,1
harassment,ny,1
harassment,w2wontheroad,1
harassment,journalist,1
harassment,war,1
harassment,yemen,1
ntc,help,1
help,emotionalabuse,1
help,domesticviolence,1
help,listen,1
help,support,1
help,judge,1
help,sexual,1
help,rapist,1
auspol,fgm,1
privileged,msm,1
privileged,liberalfascists,1
privileged,rohingya,1
privileged,genocide,1
privileged,kafur,1
privileged,sexualabuse,1
privileged,hideous,1
privileged,perpetrator,1
privileged,prosecuted,1
privileged,maximum,1
privileged,priest,1
msm,liberalfascists,1
msm,rohingya,1
msm,genocide,1
msm,kafur,1
liberalfascists,rohingya,1
liberalfascists,genocide,1
liberalfascists,kafur,1
rohingya,genocide,1
rohingya,kafur,1
genocide,kafur,1
genocide,racism,1
genocide,hate,1
genocide,murder,1
genocide,disease,1
genocide,war,1
genocide,anger,1
genocide,molestation,1
genocide,poverty,1
genocide,sick,1
genocide,love,1
genocide,letlovein,1
developed,developing,1
developed,postconflict,1
developed,postcolonial,1
developed,end,1
developed,gbv,1
developed,contextmatters,1
developing,postconflict,1
developing,postcolonial,1
developing,end,1
developing,gbv,1
developing,contextmatters,1
postconflict,postcolonial,1
postconflict,end,1
postconflict,gbv,1
postconflict,contextmatters,1
postcolonial,end,1
postcolonial,gbv,1
postcolonial,contextmatters,1
end,gbv,1
end,contextmatters,1
gbv,contextmatters,1
africa,middleeast,1
africa,usa,1
africa,pilage,1
africa,steal,1
africa,democracy,1
middleeast,usa,1
middleeast,pilage,1
middleeast,steal,1
middleeast,democracy,1
usa,pilage,1
usa,steal,1
usa,democracy,1
usa,stalking,1
usa,free,1
usa,trumpisaracist,1
usa,trumpisawhitesupremacist,1
usa,takeakneenfl,1
usa,geoengineering,1
usa,idaho,1
usa,daily,1
usa,govt,1
usa,domestic,1
usa,terrorism,1
usa,traitors,1
pilage,steal,1
pilage,democracy,1
steal,democracy,1
stop,gendering,1
stop,currency,1
disability,discrimination,1
disability,humanrights,1
discrimination,inclusiveworkplace,2
discrimination,lgbt,2
csa,speaktruth,1
csa,suicide,1
csa,mentalillness,1
sexualharassment,sexualabuse,1
sexualharassment,climatebarbie,1
sexualharassment,liberals,1
sexualharassment,tip69,1
sexualharassment,workflirtations,1
sexualharassment,marriage,1
sexualharassment,breakup,1
sexualharassment,shebox,1
sexualharassment,howtosurvivetheboss,1
sexualharassment,tytlive,1
sexualharassment,sheroes,1
sexualharassment,she,1
sexualharassment,perv,1
sexualharassment,ericbolling,1
sexualharassment,billoreilly,1
sexualharassment,rogerailes,1
sexualharassment,foxnews,1
sexualharassment,bully,1
sexualharassment,homophobic,1
sexualharassment,namecalling,1
sexualharassment,insteadofaraise,1
sexualharassment,marissamayer,1
sexualharassment,uber,2
sexualharassment,kalanick,1
sexualharassment,broenablers,1
sexualharassment,womenintech,3
sexualharassment,belowdeck,1
sexualharassment,womensrights,1
sexualharassment,andtheniwasfired,1
sexualharassment,assault,1
sexualharassment,bloomberg,1
sexualharassment,siliconvalley,2
sexualharassment,swear,1
sexualharassment,jyotsanahabibullah,1
sexualharassment,astitvkasawal,1
sexualharassment,astitvupp,1
sexualharassment,teamemmmmsie,1
sexualharassment,defendallwomen,1
sexualharassment,supportsmallstreamers,1
sexualharassment,twitchtv,1
sexualharassment,rugby,1
sexualharassment,fullcontact,1
sexualharassment,likerugby,1
sexualharassment,onthejob,1
sexualharassment,ayeshagulalai,1
sexualharassment,pti,1
sexualharassment,mna,1
sexualharassment,imrankhan,1
sexualharassment,partyofpersonalresponsibility,1
sexualharassment,lockerroomtalk,1
sexualharassment,underpaidfemale,1
sexualharassment,hollywood,1
sexualharassment,agents,1
sexualharassment,producers,1
sexualharassment,rkpachauri,1
sexualharassment,futureofwork,1
sexualharassment,sheroessummit,1
sexualharassment,trump,1
sexualharassment,bolling,1
sexualharassment,oreilly,1
sexualharassment,ailes,1
sexualharassment,norway,1
sexualharassment,stalking,1
sexualharassment,mentalagony,1
sexualharassment,robkardashian,1
sexualharassment,womensmarch,1
sexualharassment,womenfounders,1
sexualharassment,tech,1
sexualharassment,bjp,1
sexualharassment,betibachaobetipadhao,1
sexualharassment,bhu,1
sexualharassment,foxnewsisfakenews,1
sexualharassment,taylorswift,1
sexualharassment,girls,1
sexualharassment,respect,1
sexualabuse,lobbied,1
sexualabuse,ministry,1
sexualabuse,yasminqureshi,1
sexualabuse,mp,2
sexualabuse,israel,1
sexualabuse,genderneutral,1
sexualabuse,csasurvivors,1
sexualabuse,beavoice,1
sexualabuse,doyoucare,1
sexualabuse,scientologytheaftermath,1
sexualabuse,sexualviolence,4
sexualabuse,survivor,1
sexualabuse,promiscuity,1
sexualabuse,domesticviolence,1
sexualabuse,rapeculture,1
sexualabuse,humanity,1
sexualabuse,ptsd,2
sexualabuse,healing,1
sexualabuse,inspiring,1
sexualabuse,guide,1
sexualabuse,nonfiction,1
sexualabuse,victim,1
sexualabuse,culturaltaboos,1
sexualabuse,sexualexploitation,1
sexualabuse,jeremycorbyn,1
sexualabuse,catholicpriesthood,1
sexualabuse,childrenshomestaff,1
sexualabuse,lichtenstein,1
sexualabuse,peacekeepers,1
sexualabuse,psychology,1
sexualabuse,childvictimsact,1
sexualabuse,catholicchurch,1
sexualabuse,targetedindividuals,1
sexualabuse,tis,1
sexualabuse,dews,1
sexualabuse,hideous,3
sexualabuse,perpetrator,1
sexualabuse,prosecuted,1
sexualabuse,maximum,3
sexualabuse,priest,1
sexualabuse,domesticabuse,1
sexualabuse,prosecute,2
sexualabuse,privilege,2
sexualabuse,justice,2
bjp,killings,1
bjp,murder,1
bjp,riots,1
bjp,nodevelopment,1
bjp,nogovernance,1
bjp,noprosperity,1
bjp,divide,1
bjp,rule,1
bjp,stalking,3
bjp,development,3
bjp,justiceforourdaughters,3
bjp,hemraja,1
bjp,girl,1
bjp,new,1
bjp,betibachaobetipadhao,1
bjp,bhu,1
killings,murder,1
killings,riots,1
killings,nodevelopment,1
killings,nogovernance,1
killings,noprosperity,1
killings,divide,1
killings,rule,1
killings,southafrica,1
killings,boer,1
killings,torture,1
murder,riots,1
murder,nodevelopment,1
murder,nogovernance,1
murder,noprosperity,1
murder,divide,1
murder,rule,1
murder,18prisoners,1
murder,hijack,1
murder,junkie,1
murder,criminal,1
murder,kevinpark,1
murder,cheating,1
murder,livewithpride,1
murder,behonest,1
murder,torture,1
murder,moneylaundering,1
murder,racism,1
murder,hate,1
murder,disease,1
murder,war,1
murder,anger,1
murder,molestation,1
murder,poverty,1
murder,sick,1
murder,love,1
murder,letlovein,1
murder,greece,1
murder,germany,1
murder,deadcopssociety,2
murder,motherfuckers,2
murder,exist,2
murder,promote,2
murder,citizen,2
murder,pre,2
murder,color,2
murder,protest,1
riots,nodevelopment,1
riots,nogovernance,1
riots,noprosperity,1
riots,divide,1
riots,rule,1
nodevelopment,nogovernance,1
nodevelopment,noprosperity,1
nodevelopment,divide,1
nodevelopment,rule,1
nogovernance,noprosperity,1
nogovernance,divide,1
nogovernance,rule,1
noprosperity,divide,1
noprosperity,rule,1
divide,rule,1
blog,blogging,5
blog,blogger,5
blog,parenting,5
blog,kids,5
blog,dumb,5
blog,parents,5
blogging,blogger,5
blogging,parenting,5
blogging,kids,5
blogging,dumb,5
blogging,parents,5
blogger,parenting,5
blogger,kids,5
blogger,dumb,5
blogger,parents,5
parenting,kids,6
parenting,dumb,5
parenting,parents,5
parenting,relationships,1
parenting,breakups,1
parenting,teenagers,1
parenting,moms,1
parenting,dads,1
parenting,men,1
parenting,dangerous,1
parenting,rapeculture,1
kids,dumb,5
kids,parents,5
kids,relationships,1
kids,breakups,1
kids,teenagers,1
kids,moms,1
kids,dads,1
kids,men,1
kids,dangerous,1
kids,empathy,1
kids,abused,1
kids,abuser,1
kids,narcissism,1
kids,narcissist,1
kids,spouses,1
kids,bosses,1
kids,employee,1
kids,friends,1
kids,family,1
kids,vatican,1
kids,imagine,1
kids,diseases,1
dumb,parents,5
parents,council,1
parents,law,1
parents,girls,1
parents,family,1
parents,panchayat,1
parents,multan,1
parents,pakistan,1
cptsd,narcissist,1
cptsd,triggered,1
cptsd,nightmares,1
cptsd,trauma,1
cptsd,ptsd,1
narcissist,triggered,1
narcissist,empathy,1
narcissist,abused,1
narcissist,abuser,1
narcissist,narcissism,1
narcissist,spouses,1
narcissist,bosses,1
narcissist,employee,1
narcissist,friends,1
narcissist,family,1
narcissist,vatican,1
streetharassment,twsp,2
streetharassment,yesallwomen,2
streetharassment,transit,1
streetharassment,catcalling,1
climatebarbie,liberals,1
ramrahim,hc,1
ramrahim,india,1
ramrahim,ramrahimverdict,3
ramrahim,ramrahimvslaw,2
ramrahim,haryana,1
ramrahim,punjab,2
ramrahim,case,1
ramrahim,raghaveshwarabharti,1
ramrahim,rampaljimaharaj,1
ramrahim,asharambapu,1
ramrahim,incredibleindia,1
pakistan,rate,1
pakistan,ayeshagulalai,1
pakistan,sexual,1
pakistan,council,1
pakistan,law,1
pakistan,girls,1
pakistan,family,1
pakistan,panchayat,1
pakistan,multan,1
12thjuly,cancerian,1
bluewhalechallenge,depression,1
bluewhalechallenge,losingfamily,1
depression,losingfamily,1
depression,character,1
depression,suddendeath,1
depression,suicide,1
depression,kindleebook,1
depression,spiritualwarfare,1
depression,series,1
notharassment,samething,1
alcoholism,addiction,1
alcoholism,alcoholichusband,1
alcoholism,trauma,1
alcoholism,widow,1
alcoholism,singlemom,1
alcoholism,takecharge,1
alcoholism,bohothogai,1
addiction,alcoholichusband,1
addiction,trauma,1
addiction,widow,1
addiction,singlemom,1
addiction,takecharge,1
addiction,bohothogai,1
alcoholichusband,trauma,1
alcoholichusband,widow,1
alcoholichusband,singlemom,1
alcoholichusband,takecharge,1
alcoholichusband,bohothogai,1
trauma,widow,1
trauma,singlemom,1
trauma,takecharge,1
trauma,bohothogai,1
trauma,nightmares,1
trauma,mentalhealth,2
trauma,nlp,1
trauma,hypnotherapy,1
trauma,ptsd,1
trauma,addictions,1
trauma,betrayaltrauma,1
trauma,pornkillslove,1
trauma,pornaddiction,1
trauma,empowerment,1
trauma,mindfulness,1
trauma,acetraining,1
trauma,cyp,1
trauma,wellbeing,1
trauma,adversechildhoodexperience,1
trauma,thekeepers,1
widow,singlemom,1
widow,takecharge,1
widow,bohothogai,1
singlemom,takecharge,1
singlemom,bohothogai,1
takecharge,bohothogai,1
kabila,rdc,1
yazidi,slave,1
yazidi,isis,1
yazidi,islamist,1
yazidi,terrorists,1
yazidi,be,1
slave,isis,1
slave,islamist,1
slave,terrorists,1
slave,be,1
isis,islamist,1
isis,terrorists,1
isis,be,1
islamist,terrorists,1
islamist,be,1
terrorists,be,1
onpoli,cas,1
onpoli,pawns,1
onpoli,trumps,1
cas,pawns,1
cas,trumps,1
pawns,trumps,1
bachelorinparadise,rapeculture,2
bachelorinparadise,racism,1
bachelorinparadise,slutshaming,1
bachelorinparadise,consent,1
bachelorinparadise,potus,1
rapeculture,whywomenstay,1
rapeculture,whymenabuse,1
rapeculture,vaw,1
rapeculture,instagram,1
rapeculture,remove,1
rapeculture,dearbetsy,1
rapeculture,ineedtitleix,1
rapeculture,sexualassault,2
rapeculture,thelpc,1
rapeculture,theatre,1
rapeculture,ftr,1
rapeculture,taylorswifttrail,2
rapeculture,believesurvivors,1
rapeculture,theprojecttv,1
rapeculture,hilarious,1
rapeculture,racism,1
rapeculture,slutshaming,1
rapeculture,consent,1
rapeculture,potus,1
rapeculture,notallmen,1
rapeculture,bully,1
rapeculture,feminism,2
rapeculture,assault,1
rapeculture,vocabulary,1
rapeculture,lexicon,1
rapeculture,awareness,1
rapeculture,tradlife,1
rapeculture,maga,2
rapeculture,ahrcresults,1
rapeculture,utas,1
rapeculture,itstimetoact,1
rapeculture,thehuntingground,1
rapeculture,kaepernick,1
rapeculture,yesmeansyes,1
rapeculture,yesallwomen,1
rapeculture,horrorstory,1
rapeculture,usatrump,1
rapeculture,clinton,1
rapeculture,pedosadist,1
rapeculture,giveittomenow,1
rapeculture,sexism,2
rapeculture,misogyny,2
rapeculture,islamic,1
rapeculture,womenobjectification,1
rapeculture,genderstereotypes,1
rapeculture,anatomyofviolence,1
rapeculture,firefrith,1
rapeculture,humanity,1
rapeculture,forensic,1
rapeculture,science,1
rapeculture,scienceisreal,1
rapeculture,ibelievesurvivors,1
rapeculture,windriver,1
rapeculture,native,1
rapeculture,mmiw,1
rapeculture,ryanschoolmurder,1
rapeculture,waronwomen,1
rapeculture,pedophileculture,1
rapeculture,transcult,1
rapeculture,2ndamendment,1
rapeculture,titleix,1
rapeculture,mansplaining,1
rapeculture,menareshit,1
rapeculture,menareadisease,1
rapeculture,redpill,1
rapeculture,pedophile,1
rapeculture,brockturner,1
rapeculture,southerncharm,1
rapeculture,tedxmokola,1
rapeculture,srccaucus,1
rapeculture,notokay,1
rapeculture,feminazi,1
rapeculture,progressive,1
rapeculture,democrats,1
rapeculture,nfl,1
gun,presciption,1
gun,drugs,1
presciption,drugs,1
justice,rapevictim,1
justice,abc2020,1
justice,jury,1
justice,fail,1
justice,appeal,1
justice,legal,1
justice,travesty,1
justice,hideous,1
justice,prosecute,1
justice,maximum,1
justice,privilege,1
rapevictim,grannysoon,1
rapevictim,nofamilyplanning,1
rapevictim,multan,1
rapevictim,ramrahimsingh,1
rapevictim,panchkulaviolence,1
uncrop,neglect,1
uncrop,oewg8,1
neglect,oewg8,1
neglect,newark,1
neglect,pledge,1
neglect,2save,1
neglect,peewee,1
neglect,helpanimals2,1
neglect,ha2,1
neglect,elites,1
neglect,extreme,1
neglect,governors,1
neglect,trump,1
neglect,protect,1
neglect,autistic,1
neglect,mental,1
neglect,unitedstates,1
neglect,actuallyautistic,1
prof,california,1
prof,student,1
california,student,1
student,harassement,1
student,bully,1
student,education,1
tip69,workflirtations,1
tip69,marriage,1
tip69,breakup,1
tip69,shebox,1
tip69,howtosurvivetheboss,1
workflirtations,marriage,1
workflirtations,breakup,1
workflirtations,shebox,1
workflirtations,howtosurvivetheboss,1
marriage,breakup,1
marriage,shebox,1
marriage,howtosurvivetheboss,1
marriage,relationships,1
marriage,498a,1
marriage,scrap498a,1
marriage,legal,1
marriage,terrorism,1
marriage,mens,1
marriage,stress,1
marriage,false,1
breakup,shebox,1
breakup,howtosurvivetheboss,1
shebox,howtosurvivetheboss,1
beaten,yelled,1
beaten,right,1
yelled,right,1
whywomenstay,whymenabuse,1
whywomenstay,vaw,1
whymenabuse,vaw,1
vaw,dv,1
vaw,whyimstillsinglein4words,1
vaw,nomore,1
girls,sexual,1
girls,council,1
girls,law,1
girls,family,1
girls,panchayat,1
girls,multan,1
girls,taylorswift,1
girls,respect,1
sexual,workplace,1
sexual,relaxation,1
sexual,technique,1
sexual,celebrities,2
sexual,politicians,2
sexual,clinton,2
sexual,cosby,2
sexual,trump,2
sexual,nhs,1
sexual,ayeshagulalai,1
sexual,medical,1
sexual,algore,1
sexual,rapist,1
sexual,domestic,1
sexual,bbc,1
sexual,survivors,1
corruption,ignorant,1
corruption,public,1
corruption,educated,1
corruption,facts,1
corruption,moneymen,1
corruption,evil,1
corruption,touch,1
corruption,coverup,1
corruption,sickbastard,1
corruption,deceit,1
grooming,therealvictims,1
safety,yesallwomen,1
safety,doublestandards,1
yesallwomen,doublestandards,1
yesallwomen,transit,1
yesallwomen,yesmeansyes,1
doublestandards,fuckthebinary,1
ramrahimverdict,sad,1
ramrahimverdict,india,2
ramrahimverdict,ramrahimvslaw,2
ramrahimverdict,haryana,1
ramrahimverdict,punjab,1
ramrahimverdict,rapistramrahim,1
ramrahimverdict,ramrahimsentencing,1
ramrahimverdict,raghaveshwarabharti,1
ramrahimverdict,rampaljimaharaj,1
ramrahimverdict,asharambapu,1
sad,tw,1
sad,numb,1
victims,caging,9
victims,forensic,1
victims,evidence,1
gardening,quotes,1
gardening,feminism,1
quotes,feminism,1
feminism,consent,1
feminism,antibullying,1
feminism,empathy,1
feminism,beautyandthebeastosf,1
ignorant,public,1
ignorant,educated,1
ignorant,facts,1
ignorant,moneymen,1
ignorant,evil,1
public,educated,1
public,facts,1
public,moneymen,1
public,evil,1
educated,facts,1
educated,moneymen,1
educated,evil,1
facts,moneymen,1
facts,evil,1
moneymen,evil,1
lobbied,ministry,1
rapeophobia,survivors,1
rapeophobia,contempt,1
rapeophobia,survivor,1
rapeophobia,teacher,1
survivors,nhs,8
survivors,health,1
survivors,social_inclusion,2
survivors,brighton,2
survivors,sussex,2
survivors,humanrights,2
survivors,british,1
survivors,safely,1
survivors,damagedgoods,1
survivors,bbc,1
lifesentence,ruinslives,1
ptsd,nlp,1
ptsd,hypnotherapy,1
ptsd,addictions,1
ptsd,cruel,1
ptsd,emotional,1
ptsd,jail,1
ptsd,hospital,2
ptsd,looney,1
ptsd,mentalhealth,1
ptsd,healing,1
ptsd,inspiring,1
ptsd,guide,1
ptsd,nonfiction,1
survivor,proud,1
survivor,perpetrator,1
survivor,victim,1
survivor,contempt,1
survivor,teacher,1
resist,trump,1
trump,pledge,1
trump,2save,1
trump,peewee,1
trump,helpanimals2,1
trump,ha2,1
trump,elites,1
trump,extreme,1
trump,governors,1
trump,breaking,1
trump,illegalaliens,1
trump,arpaio,1
trump,celebrities,2
trump,politicians,2
trump,clinton,2
trump,cosby,2
trump,father,1
trump,fatass,1
trump,russia,1
trump,conman,1
trump,mob,1
trump,criminal,1
trump,rapist,1
trump,sexassault,1
trump,bolling,1
trump,oreilly,1
trump,ailes,1
trump,algore,1
pwd,eviction,3
pwd,tenants,3
pwd,illegal,3
eviction,tenants,3
eviction,illegal,3
tenants,illegal,3
yasminqureshi,mp,1
yasminqureshi,israel,1
mp,israel,1
mp,jeremycorbyn,1
mp,catholicpriesthood,1
mp,childrenshomestaff,1
israel,palestine,1
israel,theft,1
tcot,tsot,1
tcot,teabag,1
tsot,teabag,1
mentalhealth,hurricanes,1
mentalhealth,floods,1
mentalhealth,fires,1
mentalhealth,earthquakes,1
mentalhealth,economiccrisis,1
mentalhealth,homeless,1
mentalhealth,jail,1
mentalhealth,hospital,1
mentalhealth,looney,1
mentalhealth,acetraining,1
mentalhealth,cyp,1
mentalhealth,wellbeing,1
mentalhealth,adversechildhoodexperience,1
animal,georgia,3
animal,law,1
hs2,bully,1
hs2,notifications,1
bully,notifications,1
bully,homophobic,1
bully,namecalling,1
bully,rules,1
bully,intimidation,1
bully,functions,1
bully,creates,1
bully,controls,1
bully,conflict,1
bully,harassement,1
bully,education,1
roughingit,notv,1
roughingit,noair,1
roughingit,nowifi,1
roughingit,vacation2017,1
roughingit,outwest,1
notv,noair,1
notv,nowifi,1
notv,vacation2017,1
notv,outwest,1
noair,nowifi,1
noair,vacation2017,1
noair,outwest,1
nowifi,vacation2017,1
nowifi,outwest,1
vacation2017,outwest,1
molestation,abortion,1
molestation,manipulation,1
molestation,scientology,1
molestation,mywana,1
molestation,smiles,1
molestation,illness,1
molestation,hopelessness,1
molestation,anger,2
molestation,hate,2
molestation,faithjoyhope,1
molestation,love,2
molestation,racism,1
molestation,disease,1
molestation,war,1
molestation,poverty,1
molestation,sick,1
molestation,letlovein,1
abortion,manipulation,1
abortion,scientology,1
abortion,jk,1
abortion,rohtak,1
abortion,india,1
abortion,birth,1
abortion,pray,1
abortion,needamiracle,1
abortion,pray4rohtakgirl,1
manipulation,scientology,1
scientology,tax,1
scientology,fraud,1
scientology,madness,1
scientology,insanity,1
scientology,profitbringsevil,1
scientology,falseprophets,1
judge,abuser,1
judge,listen,1
judge,support,1
abuser,empathy,1
abuser,abused,1
abuser,narcissism,1
abuser,spouses,1
abuser,bosses,1
abuser,employee,1
abuser,friends,1
abuser,family,1
abuser,vatican,1
instagram,remove,1
rtr,rolltide,1
18prisoners,hijack,1
uberlondon,topoli,1
jordan,lebanon,2
jordan,marriagelaw,1
jordan,tunisia,1
lebanon,marriagelaw,1
lebanon,tunisia,1
youtube,faze,1
youtube,jakepaul,1
youtube,drama,1
youtube,whichside,1
youtube,team10,1
youtube,ricegum,1
faze,jakepaul,1
faze,drama,1
faze,whichside,1
faze,team10,1
faze,ricegum,1
jakepaul,drama,1
jakepaul,whichside,1
jakepaul,team10,1
jakepaul,ricegum,1
drama,whichside,1
drama,team10,1
drama,ricegum,1
whichside,team10,1
whichside,ricegum,1
team10,ricegum,1
femaleartists,rant,1
femaleartists,fury,1
rant,fury,1
closeencountersofthethirdkind,divorce,1
closeencountersofthethirdkind,wow,1
divorce,wow,1
csasurvivors,beavoice,1
csasurvivors,doyoucare,1
beavoice,doyoucare,1
southafrica,boer,1
southafrica,torture,1
boer,torture,1
torture,moneylaundering,1
torture,symptoms,1
torture,ridicule,1
torture,fraud,1
torture,cirrhosis,1
torture,oxygen,1
torture,govuk,1
torture,justiceb4death,1
men,legends,1
men,relationships,1
men,breakups,1
men,teenagers,1
men,moms,1
men,dads,1
men,dangerous,1
men,pray,1
men,boys,1
men,jamaica,1
men,jesus,1
paedos,celtic,1
paedos,psg,1
paedos,ucl,1
paedos,uefacl,1
paedos,neymar,1
celtic,psg,1
celtic,ucl,1
celtic,uefacl,1
celtic,neymar,1
psg,ucl,1
psg,uefacl,1
psg,neymar,1
ucl,uefacl,1
ucl,neymar,1
uefacl,neymar,1
hepc,welding,1
hepc,crochet,1
welding,crochet,1
india,laws,1
india,bangladesh,1
india,no,1
india,supporting,1
india,ramrahimvslaw,1
india,haryana,1
india,punjab,1
india,maritalrape,1
india,no2maritalrapebill,1
india,law,1
india,fridayfeeling,1
india,opinionpoll,1
india,opinion,1
india,indianlaw,1
india,humanity,1
india,rohtak,1
india,birth,1
india,pray,1
india,needamiracle,1
india,pray4rohtakgirl,1
laws,cardiffkoranteacher,1
laws,childsexabuse,1
laws,bbc,1
laws,police,1
laws,cnn,1
relationships,breakups,1
relationships,teenagers,1
relationships,moms,1
relationships,dads,1
relationships,dangerous,1
relationships,walkquietrunquick,1
relationships,imprisoned,1
relationships,control,1
498a,scrap498a,1
498a,legal,1
498a,terrorism,1
498a,mens,1
498a,stress,1
498a,false,1
498a,dv,2
498a,fakecases,2
498a,gst,2
498a,talaq,3
498a,dp,1
scrap498a,legal,1
scrap498a,terrorism,1
scrap498a,mens,1
scrap498a,stress,1
scrap498a,false,1
legal,terrorism,1
legal,mens,1
legal,stress,1
legal,false,1
legal,abc2020,1
legal,jury,1
legal,fail,1
legal,appeal,1
legal,travesty,1
terrorism,mens,1
terrorism,stress,1
terrorism,false,1
terrorism,crashes,1
terrorism,nodbs,1
terrorism,nohealthandsafety,1
terrorism,timetoleave,1
terrorism,geoengineering,1
terrorism,idaho,1
terrorism,daily,1
terrorism,govt,1
terrorism,domestic,1
terrorism,traitors,1
mens,stress,1
mens,false,1
stress,false,1
abc2020,jury,1
abc2020,fail,1
abc2020,appeal,1
abc2020,travesty,1
jury,fail,1
jury,appeal,1
jury,travesty,1
jury,testimony,1
jury,trial,1
jury,slawmayhem,1
jury,deliberation,1
jury,verdict,1
fail,appeal,1
fail,travesty,1
appeal,travesty,1
dancember,seattlemayor,1
dancember,seattle,1
seattlemayor,seattle,1
junkie,criminal,1
junkie,kevinpark,1
criminal,kevinpark,1
criminal,fatass,1
criminal,russia,1
criminal,conman,1
criminal,mob,1
criminal,rapist,1
criminal,sexassault,1
raped,titleix,1
raped,stopbetsy,1
titleix,stopbetsy,1
pledge,2save,1
pledge,peewee,1
pledge,helpanimals2,1
pledge,ha2,1
pledge,elites,1
pledge,extreme,1
pledge,governors,1
2save,peewee,1
2save,helpanimals2,1
2save,ha2,1
2save,elites,1
2save,extreme,1
2save,governors,1
peewee,helpanimals2,1
peewee,ha2,1
peewee,elites,1
peewee,extreme,1
peewee,governors,1
helpanimals2,ha2,1
helpanimals2,elites,1
helpanimals2,extreme,1
helpanimals2,governors,1
ha2,elites,1
ha2,extreme,1
ha2,governors,1
elites,extreme,1
elites,governors,1
extreme,governors,1
trudeau,sexting,1
whitesupremacist,domesticabuse,1
whitesupremacist,ohio,1
domesticabuse,ohio,1
domesticabuse,cys,1
disgrace,paedophilia,1
nhs,health,1
nhs,social_inclusion,2
nhs,brighton,2
nhs,sussex,2
health,religion,1
health,prayer,1
health,allowed,1
health,decide,1
health,child,1
health,healthcare,1
health,faith,1
health,placebo,1
sheroes,she,1
scientologytheaftermath,lies,1
scientologytheaftermath,brainwashing,1
scientologytheaftermath,leahremini,1
dearbetsy,ineedtitleix,1
dearbetsy,sexualassault,1
ineedtitleix,sexualassault,1
sexualassault,awareness,1
sexualassault,sexualviolence,1
sexualassault,statuteoflimitations,1
sexualassault,college,1
sexualassault,rapist,1
sexualassault,campus,1
sexualassault,devos,1
sexualassault,regulation,1
sexualassault,investigate,1
sexualassault,themoreyouknow,1
sexualassault,realbeauty,1
sexualassault,domesticviolence,1
maritalrape,law,2
maritalrape,no2maritalrapebill,1
law,fridayfeeling,1
law,opinionpoll,1
law,opinion,1
law,indianlaw,1
law,humanity,1
law,council,1
law,family,1
law,panchayat,1
law,multan,1
law,employment,1
native,windriver,1
native,mmiw,1
thelpc,theatre,1
workplace,newyorkhospital,1
workplace,shooting,1
workplace,gender,1
workplace,startup,1
lgbt,inclusiveworkplace,2
stalking,coercivecontrol,1
stalking,free,2
stalking,development,3
stalking,justiceforourdaughters,3
stalking,tell,1
stalking,truth,1
stalking,like,1
stalking,now,1
stalking,go,1
stalking,home,1
stalking,mentalagony,1
stalking,stalkers,1
stalking,federal,1
stalking,classaction,1
stalking,lawsuit,1
stalking,livescifi,1
bless,fms,1
bless,dying,1
bless,truthalwayswins,1
fms,dying,1
fms,truthalwayswins,1
dying,truthalwayswins,1
article,social,1
boycott,crazy,1
boycott,ridiculous,1
boycott,robbery,1
crazy,ridiculous,1
crazy,robbery,1
crazy,cops,1
crazy,accuse,1
crazy,landlord,1
crazy,evict,1
crazy,mobbing,1
ridiculous,robbery,1
robbery,omg,1
robbery,news,1
robbery,tl,1
robbery,pangani,1
authorised,snappingbackintoplace,1
authorised,subordinates,1
authorised,workplacebullying,1
authorised,toxicworkplace,1
snappingbackintoplace,subordinates,1
snappingbackintoplace,workplacebullying,1
snappingbackintoplace,toxicworkplace,1
subordinates,workplacebullying,1
subordinates,toxicworkplace,1
workplacebullying,toxicworkplace,1
free,tell,1
free,truth,1
free,like,1
free,now,1
free,go,1
free,home,1
muhammad,taqiyya,1
suicide,mentalillness,1
suicide,sarahah,1
suicide,random,1
suicide,comment,1
suicide,backwater,1
suicide,weaponstheft,1
suicide,levy,1
suicide,character,1
suicide,suddendeath,1
suicide,kindleebook,1
suicide,spiritualwarfare,1
suicide,series,1
newyorkhospital,shooting,1
hurricanes,floods,1
hurricanes,fires,1
hurricanes,earthquakes,1
hurricanes,economiccrisis,1
hurricanes,homeless,1
floods,fires,1
floods,earthquakes,1
floods,economiccrisis,1
floods,homeless,1
fires,earthquakes,1
fires,economiccrisis,1
fires,homeless,1
earthquakes,economiccrisis,1
earthquakes,homeless,1
economiccrisis,homeless,1
islam,kidnapping,1
islam,rapists,1
islam,progressive,1
islam,noproblem,1
islam,migrants,1
islam,muslims,1
islam,crime,1
safeguarding,synod,1
bicyclecommuters,utilityriders,1
perv,ericbolling,1
perv,billoreilly,1
perv,rogerailes,1
perv,foxnews,1
ericbolling,billoreilly,1
ericbolling,rogerailes,1
ericbolling,foxnews,1
billoreilly,rogerailes,1
billoreilly,foxnews,1
rogerailes,foxnews,1
ftr,taylorswifttrail,1
ftr,believesurvivors,1
taylorswifttrail,believesurvivors,1
taylorswifttrail,assault,1
obamaslegacy,obama,1
obamaslegacy,thekenyan,1
obama,thekenyan,1
protect,autistic,1
protect,mental,1
protect,unitedstates,1
protect,actuallyautistic,1
autistic,mental,1
autistic,unitedstates,1
autistic,actuallyautistic,2
autistic,atypical,1
autistic,actuallyatypical,1
mental,unitedstates,1
mental,actuallyautistic,1
unitedstates,actuallyautistic,1
actuallyautistic,autism,1
actuallyautistic,atypical,1
actuallyautistic,actuallyatypical,1
breakups,teenagers,1
breakups,moms,1
breakups,dads,1
breakups,dangerous,1
teenagers,moms,1
teenagers,dads,1
teenagers,dangerous,1
moms,dads,1
moms,dangerous,1
dads,dangerous,1
fakecases,dv,2
fakecases,gst,2
fakecases,dowry,1
fakecases,credibility,1
district,humanrights,1
humanrights,british,2
humanrights,safely,2
development,justiceforourdaughters,3
cops,accuse,1
cops,landlord,1
cops,evict,1
cops,mobbing,1
accuse,landlord,1
accuse,evict,1
accuse,mobbing,1
landlord,evict,1
landlord,mobbing,1
evict,mobbing,1
never,tolerated,1
never,pedophilia,1
never,left,1
never,normalize,1
never,pedophile,1
tolerated,pedophilia,1
tolerated,left,1
tolerated,normalize,1
tolerated,pedophile,1
pedophilia,left,1
pedophilia,normalize,1
pedophilia,pedophile,1
left,normalize,1
left,pedophile,1
normalize,pedophile,1
refugee,refugeeswelcome,1
refugee,germany,1
refugeeswelcome,germany,1
germany,greece,1
getlow,truestory,1
getlow,journalismisnotacrime,1
getlow,walking,1
truestory,journalismisnotacrime,1
truestory,walking,1
journalismisnotacrime,walking,1
teens,addictions,1
teens,ideasthatimpact,1
teens,nsifturns10,1
teens,narcotics,1
addictions,ideasthatimpact,1
addictions,nsifturns10,1
addictions,narcotics,1
addictions,nlp,1
addictions,hypnotherapy,1
ideasthatimpact,nsifturns10,1
ideasthatimpact,narcotics,1
nsifturns10,narcotics,1
homophobic,namecalling,1
burn,incredibleindia,1
burn,rapistbaba,1
burn,dera,1
incredibleindia,rapistbaba,1
incredibleindia,dera,1
rapistbaba,dera,1
rapistbaba,haryana,1
rapistbaba,punjab,1
rapistbaba,staysafe,1
rapistbaba,bealert,1
rapistbaba,ramrahimguilty,1
rapistbaba,bhakts,1
jemmabeale,rapists,1
jemmabeale,10years,1
jemmabeale,falsifying,1
jemmabeale,charges,1
jemmabeale,rotinjail,1
rapists,progressive,1
rapists,noproblem,1
rapists,migrants,1
rapists,muslims,1
police,cjs,2
police,fraud,1
police,ahmedabad,1
police,loud,1
police,music,1
police,cardiffkoranteacher,1
police,childsexabuse,1
police,bbc,1
police,cnn,1
cjs,fraud,1
chandigarhstalking,ghooskhori,1
policecorruption,paidcivilians,1
policecorruption,blacklisted,1
paidcivilians,blacklisted,1
i,sheisfine,1
russiagate,trumpcare,1
russiagate,billybush,1
trumpcare,billybush,1
theprojecttv,hilarious,1
zoomed,dexter,1
racism,slutshaming,1
racism,consent,1
racism,potus,1
racism,domesticviolence,1
racism,homophobia,1
racism,hate,1
racism,disease,1
racism,war,1
racism,anger,1
racism,poverty,1
racism,sick,1
racism,love,1
racism,letlovein,1
slutshaming,consent,1
slutshaming,potus,1
slutshaming,sexviolence,1
consent,potus,1
consent,antibullying,1
consent,empathy,1
consent,beautyandthebeastosf,1
animalshaverights,seaworldkills,1
bothsides,insanetrump,1
sextrafficking,trafficking,1
sextrafficking,nikisms,1
sextrafficking,takeaction,1
sextrafficking,childpornography,1
trafficking,nikisms,1
hull,hull2017,1
hull,hatecrime,1
hull2017,hatecrime,1
adopt,fund,1
adopt,mills,1
fund,mills,1
touch,coverup,1
touch,sickbastard,1
touch,deceit,1
coverup,sickbastard,1
coverup,deceit,1
sickbastard,deceit,1
emotionalabuse,domesticviolence,1
domesticviolence,promiscuity,1
domesticviolence,truehappinessis,1
domesticviolence,stopthestigma,1
domesticviolence,homophobia,1
domesticviolence,hr,1
domesticviolence,sociopathic,1
domesticviolence,cte,1
domesticviolence,workplacedanger,1
domesticviolence,narcissisticabuse,1
domesticviolence,realbeauty,1
assault,andtheniwasfired,1
peru,sexualharrasment,1
dv,gst,2
dv,whyimstillsinglein4words,1
dv,nomore,1
haryana,punjab,2
haryana,staysafe,1
haryana,bealert,1
haryana,ramrahimguilty,1
haryana,bhakts,1
haryana,ramrahimvslaw,1
haryana,gurmeetramrahimsingh,1
haryana,zplus,1
punjab,staysafe,1
punjab,bealert,1
punjab,ramrahimguilty,1
punjab,bhakts,1
punjab,ramrahimvslaw,1
punjab,case,1
staysafe,bealert,1
staysafe,ramrahimguilty,1
staysafe,bhakts,1
bealert,ramrahimguilty,1
bealert,bhakts,1
ramrahimguilty,bhakts,1
ireland,shame,1
ireland,cocaine,1
ireland,cruelty,1
ireland,endgreyhoundracing,1
shame,cocaine,1
shame,cruelty,1
shame,endgreyhoundracing,1
shame,mumbai,1
shame,womenunsafe,1
cocaine,cruelty,1
cocaine,endgreyhoundracing,1
cruelty,endgreyhoundracing,1
cruelty,shrinerscircus,2
cruelty,boycottthecircus,2
cruelty,wildlife,2
cruelty,wildanimals,2
cruelty,bears,2
cruelty,shriners,2
queensland,uber,1
queensland,endvaw,1
uber,endvaw,1
uber,marissamayer,1
uber,kalanick,1
uber,broenablers,1
uber,womenintech,1
uber,zelostreet,1
uber,cheats,1
uber,misguide,1
uber,cheat,1
uber,speakup,1
marissamayer,kalanick,1
marissamayer,broenablers,1
marissamayer,womenintech,1
kalanick,broenablers,1
kalanick,womenintech,1
broenablers,womenintech,1
womenintech,norway,1
vocabulary,lexicon,1
miajmss,jmsshpa12,1
cyberhate,bigotry,1
cyberhate,storyology,1
bigotry,storyology,1
bollywood,karimmorani,1
bollywood,hyderabad,1
karimmorani,hyderabad,1
thecosbyshow,robert,1
thecosbyshow,vanessagotad,1
robert,vanessagotad,1
mumbai,womenunsafe,1
tradlife,maga,1
maga,2ndamendment,1
guilty,destroy,1
guilty,records,1
guilty,cowardly,1
guilty,bitch,1
guilty,guilt,1
breaking,illegalaliens,1
breaking,arpaio,1
illegalaliens,arpaio,1
criselda,mduduzimanana,1
mduduzimanana,enca,1
mduduzimanana,jail,1
ahrcresults,utas,1
ahrcresults,itstimetoact,1
utas,itstimetoact,1
brookhouse,yarlswood,1
brookhouse,panorama,1
yarlswood,panorama,1
gayconversiontherapy,abusive,1
gayconversiontherapy,therapy,1
abusive,therapy,1
empathy,abused,1
empathy,narcissism,1
empathy,spouses,1
empathy,bosses,1
empathy,employee,1
empathy,friends,1
empathy,family,1
empathy,vatican,1
empathy,antibullying,1
empathy,beautyandthebeastosf,1
abused,narcissism,1
abused,spouses,1
abused,bosses,1
abused,employee,1
abused,friends,1
abused,family,1
abused,vatican,1
narcissism,spouses,1
narcissism,bosses,1
narcissism,employee,1
narcissism,friends,1
narcissism,family,1
narcissism,vatican,1
spouses,bosses,1
spouses,employee,1
spouses,friends,1
spouses,family,1
spouses,vatican,1
bosses,employee,1
bosses,friends,1
bosses,family,1
bosses,vatican,1
employee,friends,1
employee,family,1
employee,vatican,1
friends,family,1
friends,vatican,1
family,vatican,1
family,council,1
family,panchayat,1
family,multan,1
baba,ramrahimsingh,1
baba,rapist,1
ramrahimsingh,rapist,2
ramrahimsingh,derasachasauda,1
ramrahimsingh,cbi,1
ramrahimsingh,court,1
ramrahimsingh,panchkulaviolence,1
rapist,fatass,1
rapist,russia,1
rapist,conman,1
rapist,mob,1
rapist,sexassault,1
rapist,college,1
rapist,campus,1
rapist,devos,1
rapist,regulation,1
rapist,investigate,1
thedrum,celibacy,1
thedrum,priests,1
celibacy,priests,1
gas,unjustified,1
gas,omcs,1
unjustified,omcs,1
bangladesh,no,1
bangladesh,supporting,1
bangladesh,southasia,1
bangladesh,bogra,1
bangladesh,protest,1
bangladesh,sramik,1
bangladesh,crimealert,1
bangladesh,crimeagainstwomen,1
bangladesh,mitkat,1
no,supporting,1
no,say,1
no,to,1
no,child,1
tax,religions,1
tax,healthcare,1
radfem,disbelief,1
kill,supremecourt,2
kill,un,2
kill,hrw,2
kill,religion,2
kill,rights,2
kill,worship,2
kill,faith,2
kill,loot,2
newzealand,houses,1
newzealand,national,1
newzealand,statehouses,1
houses,national,1
houses,statehouses,1
national,statehouses,1
relaxation,technique,1
disorder,posttraumaticstress,1
disorder,normal,1
disorder,abnormal,1
posttraumaticstress,normal,1
posttraumaticstress,abnormal,1
normal,abnormal,1
silence,speakup,1
silence,shatterthesilence,1
speakup,shatterthesilence,1
speakup,cheats,1
speakup,misguide,1
speakup,cheat,1
religions,healthcare,1
healthcare,religion,1
healthcare,prayer,1
healthcare,allowed,1
healthcare,decide,1
healthcare,child,1
healthcare,faith,1
healthcare,placebo,1
fashion,drug,1
fashion,power,1
fashion,invasion,1
fashion,privacy,1
fashion,powergame,1
fashion,society,1
fashion,governments,1
fashion,remedy,1
fashion,root,1
fashion,causes,1
fashion,hardships,1
drug,power,1
drug,invasion,1
drug,privacy,1
drug,powergame,1
drug,society,1
drug,governments,1
drug,remedy,1
drug,root,1
drug,causes,1
drug,hardships,1
power,invasion,1
power,privacy,1
power,powergame,1
power,society,1
power,governments,1
power,remedy,1
power,root,1
power,causes,1
power,hardships,1
invasion,privacy,1
invasion,powergame,1
invasion,society,1
invasion,governments,1
invasion,remedy,1
invasion,root,1
invasion,causes,1
invasion,hardships,1
privacy,powergame,1
privacy,society,1
privacy,governments,1
privacy,remedy,1
privacy,root,1
privacy,causes,1
privacy,hardships,1
powergame,society,1
powergame,governments,1
powergame,remedy,1
powergame,root,1
powergame,causes,1
powergame,hardships,1
society,governments,1
society,remedy,1
society,root,1
society,causes,1
society,hardships,1
governments,remedy,1
governments,root,1
governments,causes,1
governments,hardships,1
remedy,root,1
remedy,causes,1
remedy,hardships,1
root,causes,1
root,hardships,1
causes,hardships,1
celebrities,politicians,2
celebrities,clinton,2
celebrities,cosby,2
celebrities,algore,1
politicians,clinton,2
politicians,cosby,2
politicians,algore,1
politicians,respected,1
clinton,cosby,2
clinton,horrorstory,1
clinton,usatrump,1
clinton,pedosadist,1
clinton,giveittomenow,1
clinton,algore,1
cosby,algore,1
horrorstory,usatrump,1
horrorstory,pedosadist,1
horrorstory,giveittomenow,1
usatrump,pedosadist,1
usatrump,giveittomenow,1
pedosadist,giveittomenow,1
education,harassement,1
hemraja,girl,1
hemraja,new,1
girl,new,1
domterror,oregonstandoff,1
domterror,bundycult,1
domterror,grift,1
oregonstandoff,bundycult,1
oregonstandoff,grift,1
bundycult,grift,1
sexism,misogyny,1
sexism,islamic,1
misogyny,islamic,1
misogyny,european,1
misogyny,inquisition,1
misogyny,antisemitism,1
mywana,smiles,1
mywana,illness,1
mywana,hopelessness,1
mywana,anger,1
mywana,hate,1
mywana,faithjoyhope,1
mywana,love,1
smiles,illness,1
smiles,hopelessness,1
smiles,anger,1
smiles,hate,1
smiles,faithjoyhope,1
smiles,love,1
illness,hopelessness,1
illness,anger,1
illness,hate,1
illness,faithjoyhope,1
illness,love,1
hopelessness,anger,1
hopelessness,hate,1
hopelessness,faithjoyhope,1
hopelessness,love,1
anger,hate,2
anger,faithjoyhope,1
anger,love,2
anger,disease,1
anger,war,1
anger,poverty,1
anger,sick,1
anger,letlovein,1
hate,faithjoyhope,1
hate,love,2
hate,disease,1
hate,war,1
hate,poverty,1
hate,sick,1
hate,letlovein,1
faithjoyhope,love,1
love,disease,1
love,war,1
love,poverty,1
love,sick,1
love,letlovein,1
staff,rampant,1
destroy,records,1
destroy,cowardly,1
destroy,bitch,1
destroy,guilt,1
records,cowardly,1
records,bitch,1
records,guilt,1
cowardly,bitch,1
cowardly,guilt,1
bitch,guilt,1
nfl,woman,1
nfl,football,1
nfl,concussions,1
nfl,arrests,1
nfl,progressive,1
nfl,democrats,1
use,throw,1
gudiya,justiceforgudiya,1
womenabuse,atlantatherapy,1
womenabuse,atlanta,1
atlantatherapy,atlanta,1
shopian,kashmir,1
kashmir,gang,1
kashmir,indianarmy,1
kashmir,kunan,1
mallumen,kerala,1
mallumen,ramaleela,1
mallumen,dileep,1
kerala,ramaleela,1
kerala,dileep,1
ramaleela,dileep,1
progressive,noproblem,1
progressive,migrants,1
progressive,muslims,1
progressive,democrats,1
noproblem,migrants,1
noproblem,muslims,1
migrants,muslims,1
social_inclusion,brighton,1
social_inclusion,sussex,1
brighton,sussex,1
bloomberg,siliconvalley,1
bloomberg,swear,1
siliconvalley,swear,1
siliconvalley,womenentrepreneurs,1
communitybased,gabgstalking,1
protip,fsutwitter,1
brainwashed,understand,1
brainwashed,islamicactivity,1
brainwashed,beingislamic,1
understand,islamicactivity,1
understand,beingislamic,1
islamicactivity,beingislamic,1
imagine,diseases,1
womenobjectification,genderstereotypes,1
womenobjectification,anatomyofviolence,1
genderstereotypes,anatomyofviolence,1
gurmeetramrahimsingh,zplus,1
disparage,president,1
sarahah,random,1
sarahah,comment,1
random,comment,1
inconceivable,demon,1
inconceivable,caleb,1
demon,caleb,1
abusivefamily,schemes,1
abusivefamily,conflict,1
abusivefamily,viciousness,1
schemes,conflict,1
schemes,viciousness,1
conflict,viciousness,1
conflict,rules,1
conflict,intimidation,1
conflict,functions,1
conflict,creates,1
conflict,controls,1
jyotsanahabibullah,astitvkasawal,1
jyotsanahabibullah,astitvupp,1
astitvkasawal,astitvupp,1
cheating,livewithpride,1
cheating,behonest,1
cheating,jio,1
cheating,badjio,1
livewithpride,behonest,1
humanity,fridayfeeling,1
humanity,opinionpoll,1
humanity,opinion,1
humanity,indianlaw,1
teamemmmmsie,defendallwomen,1
teamemmmmsie,supportsmallstreamers,1
teamemmmmsie,twitchtv,1
defendallwomen,supportsmallstreamers,1
defendallwomen,twitchtv,1
supportsmallstreamers,twitchtv,1
rapistramrahim,ramrahimsentencing,1
whatup,famouslysingle,1
humanrightsviolations,southerncameroo,1
humanrightsviolations,unga72,1
southerncameroo,unga72,1
donaldtrump,listening,1
donaldtrump,ignoring,1
donaldtrump,fraud,1
donaldtrump,bankruptcies,1
listening,ignoring,1
listening,fraud,1
listening,bankruptcies,1
ignoring,fraud,1
ignoring,bankruptcies,1
fraud,bankruptcies,1
fraud,stocks,1
fraud,futures,1
fraud,sob,1
fraud,waste,2
fraud,selectivelyenforceslaw,1
fraud,treason,1
fraud,obstructngjustice,1
fraud,encitingariot,1
fraud,madness,1
fraud,insanity,1
fraud,symptoms,1
fraud,ridicule,1
fraud,cirrhosis,1
fraud,oxygen,1
fraud,govuk,1
fraud,justiceb4death,1
fraud,familycourts,1
fraud,familylaw,1
fraud,titleivsectiond,1
fraud,socialsecurity,1
fraud,theft,1
womensday,womensday2017,1
forensic,science,1
forensic,scienceisreal,1
forensic,ibelievesurvivors,1
forensic,evidence,1
science,scienceisreal,1
science,ibelievesurvivors,1
scienceisreal,ibelievesurvivors,1
fatass,russia,1
fatass,conman,1
fatass,mob,1
fatass,sexassault,1
russia,conman,1
russia,mob,1
russia,sexassault,1
conman,mob,1
conman,sexassault,1
mob,sexassault,1
90dayfiance,omg,1
90dayfiance,jorge,1
90dayfiance,anfisa,1
90dayfiance,k1visa,1
omg,jorge,1
omg,anfisa,1
omg,k1visa,1
omg,news,1
omg,tl,1
omg,pangani,1
jorge,anfisa,1
jorge,k1visa,1
anfisa,k1visa,1
lookwhatyoumademedo,theoldtaylorisdead,1
lookwhatyoumademedo,ifiwasyouidwannabemetoo,1
ad,mixon,1
rugby,fullcontact,1
rugby,likerugby,1
rugby,onthejob,1
fullcontact,likerugby,1
fullcontact,onthejob,1
likerugby,onthejob,1
perpetrator,victim,1
perpetrator,hideous,1
perpetrator,prosecuted,1
perpetrator,maximum,1
perpetrator,priest,1
victim,projection,1
victim,healing,1
victim,courage,1
pray,boys,1
pray,jamaica,1
pray,jesus,1
pray,rohtak,1
pray,birth,1
pray,needamiracle,1
pray,pray4rohtakgirl,1
boys,jamaica,1
boys,jesus,1
jamaica,jesus,1
transcult,maleviolence,1
transcult,pedophileculture,1
todaysmasses,morelater,1
rules,intimidation,1
rules,functions,1
rules,creates,1
rules,controls,1
intimidation,functions,1
intimidation,creates,1
intimidation,controls,1
intimidation,levarball,1
intimidation,allowed,1
intimidation,games,1
intimidation,leagues,1
intimidation,ego,1
intimidation,officials,1
intimidation,journalist,1
intimidation,war,1
intimidation,yemen,1
functions,creates,1
functions,controls,1
creates,controls,1
bias,bbc,1
bias,educate,1
bias,inform,1
bbc,educate,1
bbc,inform,1
bbc,cardiffkoranteacher,1
bbc,childsexabuse,1
bbc,cnn,1
bbc,repeat,1
educate,inform,1
shrinerscircus,boycottthecircus,2
shrinerscircus,wildlife,2
shrinerscircus,wildanimals,2
shrinerscircus,bears,2
shrinerscircus,shriners,2
boycottthecircus,wildlife,2
boycottthecircus,wildanimals,2
boycottthecircus,bears,2
boycottthecircus,shriners,2
wildlife,wildanimals,2
wildlife,bears,2
wildlife,shriners,2
wildanimals,bears,2
wildanimals,shriners,2
bears,shriners,2
tell,truth,1
tell,like,1
tell,now,1
tell,go,1
tell,home,1
truth,like,1
truth,now,1
truth,go,1
truth,home,1
like,now,1
like,go,1
like,home,1
now,go,1
now,home,1
go,home,1
moneylaundering,distract,1
moneylaundering,brexit,1
moneylaundering,browder,1
moneylaundering,magnitskyact,1
moneylaundering,trumprussia,1
moneylaundering,mueller,1
moneylaundering,investigation,1
ayeshagulalai,pti,1
ayeshagulalai,mna,1
ayeshagulalai,imrankhan,1
pti,mna,1
pti,imrankhan,1
mna,imrankhan,1
windriver,mmiw,1
college,campus,1
college,devos,1
college,regulation,1
college,investigate,1
campus,devos,1
campus,regulation,1
campus,investigate,1
devos,regulation,1
devos,investigate,1
regulation,investigate,1
antifa,whiteprivilege,2
cheats,misguide,1
cheats,cheat,1
misguide,cheat,1
derasachasauda,cbi,1
derasachasauda,court,1
cbi,court,1
court,judgment,2
partyofpersonalresponsibility,lockerroomtalk,1
ruffies,bamavsvandy,1
nlp,hypnotherapy,1
ganapatibappa,godgurmeet,1
supremecourt,un,2
supremecourt,hrw,2
supremecourt,religion,2
supremecourt,rights,2
supremecourt,worship,2
supremecourt,faith,2
supremecourt,loot,2
supremecourt,chandigarh,1
un,hrw,2
un,religion,2
un,rights,2
un,worship,2
un,faith,2
un,loot,2
hrw,religion,2
hrw,rights,2
hrw,worship,2
hrw,faith,2
hrw,loot,2
religion,rights,2
religion,worship,2
religion,faith,3
religion,loot,2
religion,prayer,1
religion,allowed,1
religion,decide,1
religion,child,1
religion,placebo,1
rights,worship,2
rights,faith,2
rights,loot,2
worship,faith,2
worship,loot,2
faith,loot,2
faith,prayer,1
faith,allowed,1
faith,decide,1
faith,child,1
faith,placebo,1
cruel,emotional,1
lies,brainwashing,1
lies,leahremini,1
brainwashing,leahremini,1
juchapel,judsonawesome,1
breitbart,battery,1
gender,startup,1
truehappinessis,stopthestigma,1
jail,hospital,1
jail,looney,1
jail,enca,1
hospital,looney,1
gameofthrones,horseviolence,1
gameofthrones,confessyourunpopularopinion,1
horseviolence,confessyourunpopularopinion,1
dowry,credibility,1
levarball,allowed,1
levarball,games,1
levarball,leagues,1
levarball,ego,1
levarball,officials,1
allowed,games,1
allowed,leagues,1
allowed,ego,1
allowed,officials,1
allowed,prayer,1
allowed,decide,1
allowed,child,1
allowed,placebo,1
games,leagues,1
games,ego,1
games,officials,1
leagues,ego,1
leagues,officials,1
ego,officials,1
grannysoon,nofamilyplanning,1
ahmedabad,loud,1
ahmedabad,music,1
loud,music,1
stocks,futures,1
stocks,sob,1
stocks,waste,1
futures,sob,1
futures,waste,1
sob,waste,1
statueoflimitation,lawandordersvu,1
cardiffkoranteacher,childsexabuse,1
cardiffkoranteacher,cnn,1
childsexabuse,cnn,1
talaq,dp,3
trumpisaracist,trumpisawhitesupremacist,1
trumpisaracist,takeakneenfl,1
trumpisawhitesupremacist,takeakneenfl,1
putin,government,1
putin,pillage,1
putin,plunder,1
putin,fdjt,1
putin,racist,1
government,pillage,1
government,plunder,1
government,fdjt,1
government,racist,1
pillage,plunder,1
pillage,fdjt,1
pillage,racist,1
plunder,fdjt,1
plunder,racist,1
fdjt,racist,1
hollywood,agents,1
hollywood,producers,1
agents,producers,1
southasia,bogra,1
southasia,protest,1
southasia,sramik,1
southasia,crimealert,1
southasia,crimeagainstwomen,1
southasia,mitkat,1
bogra,protest,1
bogra,sramik,1
bogra,crimealert,1
bogra,crimeagainstwomen,1
bogra,mitkat,1
protest,sramik,1
protest,crimealert,1
protest,crimeagainstwomen,1
protest,mitkat,1
sramik,crimealert,1
sramik,crimeagainstwomen,1
sramik,mitkat,1
crimealert,crimeagainstwomen,1
crimealert,mitkat,1
crimeagainstwomen,mitkat,1
10years,falsifying,1
10years,charges,1
10years,rotinjail,1
falsifying,charges,1
falsifying,rotinjail,1
charges,rotinjail,1
healing,inspiring,1
healing,guide,1
healing,nonfiction,1
healing,projection,1
healing,courage,1
inspiring,guide,1
inspiring,nonfiction,1
guide,nonfiction,1
disease,war,1
disease,poverty,1
disease,sick,1
disease,letlovein,1
war,poverty,1
war,sick,1
war,letlovein,1
war,journalist,1
war,yemen,1
poverty,sick,1
poverty,letlovein,1
poverty,bpd,1
poverty,homelessness,1
sick,letlovein,1
european,inquisition,1
european,antisemitism,1
inquisition,antisemitism,1
peace,domesticviolencesurvivor,1
malerapehappens,gameofthones7,1
betrayaltrauma,pornkillslove,1
betrayaltrauma,pornaddiction,1
betrayaltrauma,empowerment,1
betrayaltrauma,mindfulness,1
pornkillslove,pornaddiction,1
pornkillslove,empowerment,1
pornkillslove,mindfulness,1
pornaddiction,empowerment,1
pornaddiction,mindfulness,1
empowerment,mindfulness,1
crimestats,sa,1
crimestats,ransom,1
sa,ransom,1
prayer,decide,1
prayer,child,1
prayer,placebo,1
decide,child,1
decide,placebo,1
child,placebo,1
child,athlete,1
child,syndrome,1
child,say,1
child,to,1
fridayfeeling,opinionpoll,1
fridayfeeling,opinion,1
fridayfeeling,indianlaw,1
opinionpoll,opinion,1
opinionpoll,indianlaw,1
opinion,indianlaw,1
bb19,stoppromotingbullying,1
crime,black,1
crime,politics,1
crime,uk,1
idiot,roids,1
idiot,steroids,1
roids,steroids,1
futureofwork,sheroessummit,1
bolling,oreilly,1
bolling,ailes,1
oreilly,ailes,1
poem,words,1
whyimstillsinglein4words,nomore,1
rajanpur,pak,1
robandchyna,robkardashian,1
palestine,theft,1
theft,familycourts,1
theft,familylaw,1
theft,titleivsectiond,1
theft,socialsecurity,1
backwater,weaponstheft,1
backwater,levy,1
weaponstheft,levy,1
british,safely,1
athlete,syndrome,1
haiku,narcissisticabuse,1
haiku,gaslighting,1
haiku,believeinyourself,1
narcissisticabuse,gaslighting,1
narcissisticabuse,believeinyourself,1
gaslighting,believeinyourself,1
nationalassemblyspeaker,electionrigging,1
bpd,homelessness,1
cte,workplacedanger,1
rohtak,birth,1
rohtak,needamiracle,1
rohtak,pray4rohtakgirl,1
birth,needamiracle,1
birth,pray4rohtakgirl,1
needamiracle,pray4rohtakgirl,1
physical,isolates,1
physical,warriors,1
isolates,warriors,1
culturaltaboos,sexualexploitation,1
womenfounders,tech,1
crashes,nodbs,1
crashes,nohealthandsafety,1
crashes,timetoleave,1
nodbs,nohealthandsafety,1
nodbs,timetoleave,1
nohealthandsafety,timetoleave,1
jeremycorbyn,catholicpriesthood,1
jeremycorbyn,childrenshomestaff,1
catholicpriesthood,childrenshomestaff,1
character,suddendeath,1
character,kindleebook,1
character,spiritualwarfare,1
character,series,1
suddendeath,kindleebook,1
suddendeath,spiritualwarfare,1
suddendeath,series,1
kindleebook,spiritualwarfare,1
kindleebook,series,1
spiritualwarfare,series,1
business,charity,2
mansplaining,menareshit,1
mansplaining,menareadisease,1
menareshit,menareadisease,1
narsissist,mother,1
mother,christian,1
lichtenstein,peacekeepers,1
listen,support,1
smh,scisxposed,1
selectivelyenforceslaw,treason,1
selectivelyenforceslaw,obstructngjustice,1
selectivelyenforceslaw,encitingariot,1
treason,obstructngjustice,1
treason,encitingariot,1
obstructngjustice,encitingariot,1
black,politics,1
black,uk,1
politics,uk,1
madness,insanity,1
unacceptable,bad,1
abbott,hatred,1
raghaveshwarabharti,rampaljimaharaj,1
raghaveshwarabharti,asharambapu,1
rampaljimaharaj,asharambapu,1
acetraining,cyp,1
acetraining,wellbeing,1
acetraining,adversechildhoodexperience,1
cyp,wellbeing,1
cyp,adversechildhoodexperience,1
wellbeing,adversechildhoodexperience,1
atypical,actuallyatypical,1
manipulate,control,1
manipulate,powerful,1
control,powerful,1
control,walkquietrunquick,1
control,imprisoned,1
profitbringsevil,falseprophets,1
unethical,fake,1
antiwomen,palimony,1
comcast,xfinityseries,1
tw,numb,1
forminbrorsskyld,suedishmovie,1
forminbrorsskyld,brothers,1
suedishmovie,brothers,1
childvictimsact,catholicchurch,1
jeongkwan,chefstable,1
lawyerneeded,attoneyneeded,1
lawyerneeded,frauster,1
lawyerneeded,lawyer,1
lawyerneeded,scam,1
lawyerneeded,genesismining,1
attoneyneeded,frauster,1
attoneyneeded,lawyer,1
attoneyneeded,scam,1
attoneyneeded,genesismining,1
frauster,lawyer,1
frauster,scam,1
frauster,genesismining,1
lawyer,scam,1
lawyer,genesismining,1
scam,genesismining,1
brockturner,southerncharm,1
targetedindividuals,tis,1
targetedindividuals,dews,1
tis,dews,1
justinedamond,eyewitness,1
council,panchayat,1
council,multan,1
panchayat,multan,1
vodafoneindia,poorservice,1
vodafoneindia,blackmailing,1
vodafoneindia,threatening,1
vodafoneindia,vodafone,1
poorservice,blackmailing,1
poorservice,threatening,1
poorservice,vodafone,1
blackmailing,threatening,1
blackmailing,vodafone,1
threatening,vodafone,1
hideous,prosecuted,1
hideous,maximum,2
hideous,priest,1
hideous,prosecute,1
hideous,privilege,1
prosecuted,maximum,1
prosecuted,priest,1
maximum,priest,1
maximum,prosecute,1
maximum,privilege,1
testimony,trial,1
testimony,slawmayhem,1
testimony,deliberation,1
testimony,verdict,1
trial,slawmayhem,1
trial,deliberation,1
trial,verdict,1
slawmayhem,deliberation,1
slawmayhem,verdict,1
deliberation,verdict,1
betibachaobetipadhao,bhu,1
projection,courage,1
football,concussions,1
football,arrests,1
concussions,arrests,1
themist,interesting,1
blogunderconstruction,youtoo,1
blogunderconstruction,wegotthis,1
youtoo,wegotthis,1
prosecute,privilege,1
geoengineering,idaho,1
geoengineering,daily,1
geoengineering,govt,1
geoengineering,domestic,1
geoengineering,traitors,1
idaho,daily,1
idaho,govt,1
idaho,domestic,1
idaho,traitors,1
daily,govt,1
daily,domestic,1
daily,traitors,1
govt,domestic,1
govt,traitors,1
domestic,traitors,1
substance,adolescenthealth,1
substance,aap17,1
adolescenthealth,aap17,1
walkquietrunquick,imprisoned,1
stalkers,federal,1
stalkers,classaction,1
stalkers,lawsuit,1
stalkers,livescifi,1
federal,classaction,1
federal,lawsuit,1
federal,livescifi,1
classaction,lawsuit,1
classaction,livescifi,1
lawsuit,livescifi,1
gang,indianarmy,1
gang,kunan,1
indianarmy,kunan,1
umpshow,doyourjob,1
takeaction,childpornography,1
symptoms,ridicule,1
symptoms,cirrhosis,1
symptoms,oxygen,1
symptoms,govuk,1
symptoms,justiceb4death,1
ridicule,cirrhosis,1
ridicule,oxygen,1
ridicule,govuk,1
ridicule,justiceb4death,1
cirrhosis,oxygen,1
cirrhosis,govuk,1
cirrhosis,justiceb4death,1
oxygen,govuk,1
oxygen,justiceb4death,1
govuk,justiceb4death,1
charlottesville,northkorea,1
charlottesville,nato,1
northkorea,nato,1
distract,brexit,1
distract,browder,1
distract,magnitskyact,1
distract,trumprussia,1
distract,mueller,1
distract,investigation,1
brexit,browder,1
brexit,magnitskyact,1
brexit,trumprussia,1
brexit,mueller,1
brexit,investigation,1
browder,magnitskyact,1
browder,trumprussia,1
browder,mueller,1
browder,investigation,1
magnitskyact,trumprussia,1
magnitskyact,mueller,1
magnitskyact,investigation,1
trumprussia,mueller,1
trumprussia,investigation,1
mueller,investigation,1
deadcopssociety,motherfuckers,1
deadcopssociety,exist,1
deadcopssociety,promote,1
deadcopssociety,citizen,1
deadcopssociety,pre,1
deadcopssociety,color,1
motherfuckers,exist,1
motherfuckers,promote,1
motherfuckers,citizen,1
motherfuckers,pre,1
motherfuckers,color,1
exist,promote,1
exist,citizen,1
exist,pre,1
exist,color,1
promote,citizen,1
promote,pre,1
promote,color,1
citizen,pre,1
citizen,color,1
pre,color,1
contempt,teacher,1
customers,sexbot,1
customers,university,1
customers,femininazi,1
customers,feminists,1
sexbot,university,1
sexbot,femininazi,1
sexbot,feminists,1
university,femininazi,1
university,feminists,1
femininazi,feminists,1
everyone,kiss,1
everyone,myassnow,1
everyone,bsho2succckanugly,1
everyone,eggplant,1
everyone,bxtch,1
kiss,myassnow,1
kiss,bsho2succckanugly,1
kiss,eggplant,1
kiss,bxtch,1
myassnow,bsho2succckanugly,1
myassnow,eggplant,1
myassnow,bxtch,1
bsho2succckanugly,eggplant,1
bsho2succckanugly,bxtch,1
eggplant,bxtch,1
familycourts,familylaw,1
familycourts,titleivsectiond,1
familycourts,socialsecurity,1
familylaw,titleivsectiond,1
familylaw,socialsecurity,1
titleivsectiond,socialsecurity,1
jio,badjio,1
memorytweet,gandhi,1
memorytweet,ambedkar,1
memorytweet,caste,1
memorytweet,partition,1
memorytweet,critic,1
memorytweet,greatsoul,1
gandhi,ambedkar,1
gandhi,caste,1
gandhi,partition,1
gandhi,critic,1
gandhi,greatsoul,1
ambedkar,caste,1
ambedkar,partition,1
ambedkar,critic,1
ambedkar,greatsoul,1
caste,partition,1
caste,critic,1
caste,greatsoul,1
partition,critic,1
partition,greatsoul,1
critic,greatsoul,1
news,tl,1
news,pangani,1
tl,pangani,1
sevenminuteabs,copycat,1
sevenminuteabs,unoriginal,1
copycat,unoriginal,1
antibullying,beautyandthebeastosf,1
feesmustfall,statecapture,1
feesmustfall,warondrugs,1
statecapture,warondrugs,1
ny,w2wontheroad,1
journalist,yemen,1
taylorswift,respect,1
frustration,defeat,1
say,to,1
